reservation_id,booking_lead_time_hours,hour_of_day,day_of_week,is_weekend,is_prime_time,month_of_year,days_until_reservation,is_repeat_customer,customer_visit_count,customer_no_show_rate,customer_avg_party_size,days_since_last_visit,customer_lifetime_value,party_size,party_size_category,is_large_party,has_special_requests,confirmation_sent,confirmation_clicked,hours_since_confirmation_sent,historical_no_show_rate_for_day,historical_no_show_rate_for_time,occupancy_rate_for_slot,no_show
RES-20250921-5987,7,13,1,0,0,2,0,0,0,0.15,4.1,999,0,4,1,0,0,1,0,12,0.12,0.14,0.61,0
RES-20250612-5132,266,11,5,1,0,3,11,1,8,0.039,2.8,180,1805.71,6,2,1,0,0,0,0,0.16,0.14,0.64,0
RES-20251007-7911,740,12,4,0,0,4,30,0,0,0.15,3.8,999,0,1,0,0,0,1,1,587,0.14,0.14,0.66,0
RES-20250706-7261,152,21,1,0,1,1,6,0,0,0.15,2.3,999,0,3,1,0,0,1,0,120,0.12,0.22,0.82,0
RES-20250629-2192,801,12,5,1,0,12,33,0,0,0.15,4.1,999,0,2,0,0,0,1,0,246,0.16,0.14,0.65,0
RES-20250718-9828,448,21,4,0,1,5,18,0,0,0.15,2.2,999,0,2,0,0,0,1,0,191,0.14,0.22,0.91,0
RES-20250716-8681,500,19,3,0,1,8,20,1,1,0.042,2.1,64,1657.05,4,1,0,0,1,1,74,0.12,0.12,0.83,0
RES-20250502-7502,611,21,0,1,1,9,25,0,0,0.15,4.3,999,0,2,0,0,0,1,1,532,0.18,0.22,0.83,1
RES-20250520-5946,1221,11,3,0,0,5,50,0,0,0.15,4.2,999,0,8,2,1,0,1,1,669,0.12,0.14,0.65,0
RES-20250827-3195,1170,21,4,0,1,6,48,0,0,0.15,2.6,999,0,2,0,0,1,1,0,685,0.14,0.22,0.94,1
RES-20250911-5136,461,11,5,1,0,10,19,1,12,0.095,3.1,95,668,5,2,0,1,1,1,282,0.16,0.14,0.58,0
RES-20250508-1546,319,19,1,0,1,2,13,0,0,0.15,4.5,999,0,2,0,0,0,1,1,108,0.12,0.12,0.82,0
RES-20250701-5951,1317,19,3,0,1,1,54,0,0,0.15,2.4,999,0,1,0,0,0,1,1,753,0.12,0.12,0.84,0
RES-20250907-6919,292,18,3,0,1,6,12,1,11,0.038,4.5,141,539.41,5,2,0,0,1,0,95,0.12,0.12,0.81,0
RES-20250626-5002,1283,20,5,1,1,5,53,1,4,0,3.4,25,1110.88,4,1,0,0,1,0,1034,0.16,0.12,0.91,0
RES-20251011-5508,426,18,6,1,1,6,17,0,0,0.15,2.2,999,0,1,0,0,0,1,1,344,0.17,0.12,0.9,0
RES-20251004-2511,204,20,2,0,1,6,8,0,0,0.15,2.2,999,0,6,2,1,0,1,1,40,0.11,0.12,0.89,0
RES-20250603-2881,1372,22,6,1,0,1,57,1,1,0.009,4.4,147,939.77,8,2,1,0,1,0,1290,0.17,0.22,0.61,0
RES-20250905-1223,562,13,4,0,0,8,23,0,0,0.15,3.2,999,0,4,1,0,1,1,0,369,0.14,0.14,0.63,0
RES-20250720-9340,1018,21,2,0,1,12,42,0,0,0.15,2.7,999,0,4,1,0,0,1,1,397,0.11,0.22,0.91,1
RES-20250721-3371,925,13,5,1,0,9,38,0,0,0.15,2.1,999,0,4,1,0,0,1,1,551,0.16,0.14,0.75,0
RES-20250704-7354,510,11,6,1,0,1,21,1,10,0.069,2.4,138,1940.84,3,1,0,0,1,0,167,0.17,0.14,0.56,0
RES-20250710-6757,177,11,0,1,0,7,7,0,0,0.15,3.8,999,0,2,0,0,1,1,0,67,0.18,0.14,0.51,0
RES-20250625-3260,148,18,6,1,1,3,6,0,0,0.15,4.3,999,0,4,1,0,0,1,0,141,0.17,0.12,0.82,0
RES-20250620-2025,790,19,3,0,1,9,32,1,13,0.134,2.4,108,1304.12,2,0,0,0,1,0,295,0.12,0.12,0.88,0
RES-20250627-7658,413,20,5,1,1,8,17,0,0,0.15,2.2,999,0,4,1,0,0,1,1,252,0.16,0.12,0.8,0
RES-20250806-8722,54,20,4,0,1,11,2,0,0,0.15,3,999,0,4,1,0,0,1,1,41,0.14,0.12,0.9,0
RES-20250804-6436,334,19,5,1,1,4,13,0,0,0.15,4.3,999,0,5,2,0,0,1,1,84,0.16,0.12,0.82,0
RES-20250822-5017,394,21,6,1,1,11,16,0,0,0.15,2.6,999,0,5,2,0,0,1,0,375,0.17,0.22,0.81,0
RES-20250731-5250,912,21,6,1,1,4,38,1,15,0.148,4.4,77,1779.34,6,2,1,1,1,0,148,0.17,0.22,0.95,0
RES-20251006-8638,380,11,3,0,0,5,15,0,0,0.15,3.8,999,0,1,0,0,0,1,1,337,0.12,0.14,0.61,1
RES-20250827-3162,684,20,0,1,1,5,28,0,0,0.15,3.6,999,0,1,0,0,0,1,0,450,0.18,0.12,0.82,1
RES-20250924-7271,1234,20,5,1,1,5,51,1,4,0.008,2.9,11,1182.11,1,0,0,0,1,1,979,0.16,0.12,0.82,1
RES-20250626-6358,459,21,0,1,1,5,19,1,1,0.033,2.5,135,1901.9,8,2,1,0,1,0,384,0.18,0.22,0.81,0
RES-20251002-8270,133,21,0,1,1,7,5,0,0,0.15,3.8,999,0,3,1,0,0,1,0,80,0.18,0.22,0.84,0
RES-20250623-3609,847,11,1,0,0,7,35,0,0,0.15,2.5,999,0,2,0,0,0,0,0,0,0.12,0.14,0.58,0
RES-20250919-5236,620,12,0,1,0,10,25,0,0,0.15,3.7,999,0,4,1,0,0,1,0,50,0.18,0.14,0.74,0
RES-20250926-4141,1070,20,3,0,1,1,44,1,4,0.094,3.4,78,1902.47,2,0,0,1,1,0,588,0.12,0.12,0.9,0
RES-20251012-7692,290,19,1,0,1,2,12,1,4,0.008,4.3,65,1504.58,1,0,0,1,1,1,42,0.12,0.12,0.82,0
RES-20250809-9021,1307,19,3,0,1,11,54,1,6,0.086,4.2,105,871.39,4,1,0,1,1,0,597,0.12,0.12,0.8,0
RES-20250501-3490,1087,18,6,1,1,12,45,0,0,0.15,2.2,999,0,2,0,0,0,1,0,632,0.17,0.12,0.85,1
RES-20250526-4186,1182,11,3,0,0,7,49,0,0,0.15,3.6,999,0,5,2,0,0,1,1,654,0.12,0.14,0.71,0
RES-20250708-3829,570,20,0,1,1,4,23,1,3,0.04,2.1,58,1577.58,6,2,1,1,1,1,302,0.18,0.12,0.93,0
RES-20250511-4632,1460,18,5,1,1,9,60,1,15,0.06,3.2,80,215,4,1,0,0,1,0,981,0.16,0.12,0.93,0
RES-20251018-9160,424,11,1,0,0,6,17,0,0,0.15,3.5,999,0,2,0,0,0,1,0,58,0.12,0.14,0.62,0
RES-20250612-3880,341,22,6,1,0,6,14,0,0,0.15,4.2,999,0,2,0,0,0,1,0,141,0.17,0.22,0.7,1
RES-20250821-4272,209,22,3,0,0,5,8,0,0,0.15,2.1,999,0,2,0,0,0,1,1,196,0.12,0.22,0.56,0
RES-20250901-6190,476,11,0,1,0,2,19,0,0,0.15,4.4,999,0,6,2,1,0,0,0,0,0.18,0.14,0.68,1
RES-20250530-9618,985,13,0,1,0,10,41,0,0,0.15,2.6,999,0,2,0,0,0,1,0,607,0.18,0.14,0.58,0
RES-20250607-5908,1462,12,4,0,0,12,60,0,0,0.15,3.9,999,0,2,0,0,1,0,0,0,0.14,0.14,0.59,0
RES-20250817-2263,1440,21,3,0,1,5,60,0,0,0.15,2.6,999,0,3,1,0,0,1,0,672,0.12,0.22,0.89,0
RES-20250612-1139,544,20,5,1,1,9,22,0,0,0.15,3.5,999,0,3,1,0,1,1,0,305,0.16,0.12,0.85,0
RES-20250913-3933,611,22,6,1,0,9,25,0,0,0.15,3,999,0,8,2,1,1,1,1,167,0.17,0.22,0.71,0
RES-20251007-9613,184,18,2,0,1,3,7,0,0,0.15,2.5,999,0,3,1,0,0,1,1,119,0.11,0.12,0.94,0
RES-20250807-9381,1422,11,0,1,0,12,59,1,12,0.074,3.7,94,1139.06,5,2,0,0,0,0,0,0.18,0.14,0.73,0
RES-20250914-7457,1321,13,6,1,0,4,55,1,12,0.064,3.5,11,1317.71,3,1,0,1,1,0,126,0.17,0.14,0.51,0
RES-20250911-2247,1431,22,5,1,0,12,59,0,0,0.15,4,999,0,2,0,0,0,1,0,258,0.16,0.22,0.5,0
RES-20250503-6123,506,19,2,0,1,6,21,0,0,0.15,4.1,999,0,6,2,1,1,1,0,341,0.11,0.12,0.91,0
RES-20250816-7337,345,11,0,1,0,9,14,0,0,0.15,3.2,999,0,5,2,0,0,1,1,161,0.18,0.14,0.7,0
RES-20250609-8160,450,22,6,1,0,3,18,0,0,0.15,4.3,999,0,4,1,0,1,1,1,212,0.17,0.22,0.57,0
RES-20250930-3868,817,19,5,1,1,7,34,0,0,0.15,2.1,999,0,2,0,0,0,1,0,574,0.16,0.12,0.81,1
RES-20250524-5653,728,12,2,0,0,8,30,1,7,0.08,3.8,135,1702.16,2,0,0,1,1,0,290,0.11,0.14,0.74,0
RES-20250826-4351,1213,21,6,1,1,5,50,1,15,0.158,3.1,16,1630.45,1,0,0,1,0,0,0,0.17,0.22,0.84,1
RES-20250711-8048,1077,12,6,1,0,1,44,0,0,0.15,2.6,999,0,2,0,0,0,1,0,473,0.17,0.14,0.72,0
RES-20250504-3995,1081,12,3,0,0,3,45,1,15,0.049,4.4,146,386.56,2,0,0,0,1,0,669,0.12,0.14,0.66,0
RES-20250513-7687,107,18,6,1,1,6,4,0,0,0.15,4.1,999,0,1,0,0,1,1,0,54,0.17,0.12,0.85,0
RES-20251010-5749,970,19,5,1,1,3,40,0,0,0.15,2.2,999,0,4,1,0,0,1,1,263,0.16,0.12,0.87,0
RES-20250621-3985,226,11,6,1,0,8,9,1,4,0.035,2.8,139,448.17,2,0,0,0,1,0,171,0.17,0.14,0.73,0
RES-20250505-7023,501,18,0,1,1,9,20,0,0,0.15,3.7,999,0,8,2,1,1,0,0,0,0.18,0.12,0.81,0
RES-20250824-8995,316,22,5,1,0,10,13,1,13,0.051,3.7,47,272.48,8,2,1,0,1,0,181,0.16,0.22,0.54,0
RES-20250703-6164,1112,11,1,0,0,10,46,1,14,0.147,2.9,125,350.62,6,2,1,0,1,1,563,0.12,0.14,0.57,1
RES-20250812-5331,372,19,0,1,1,5,15,1,10,0.224,2.4,108,923.56,4,1,0,0,1,0,175,0.18,0.12,0.84,0
RES-20250714-6248,1407,19,2,0,1,10,58,1,7,0.08,4.1,76,1758.86,8,2,1,0,0,0,0,0.11,0.12,0.84,1
RES-20251023-8181,375,13,2,0,0,2,15,0,0,0.15,4.3,999,0,5,2,0,0,1,0,298,0.11,0.14,0.54,0
RES-20250627-9999,539,13,2,0,0,1,22,1,11,0.232,2.2,120,1814.45,2,0,0,0,1,0,47,0.11,0.14,0.73,0
RES-20250626-7177,650,19,6,1,1,5,27,1,12,0.073,4.3,71,1243.65,2,0,0,0,1,1,481,0.17,0.12,0.82,0
RES-20250705-2785,562,22,2,0,0,5,23,1,8,0.026,4.3,117,608,2,0,0,1,1,1,91,0.11,0.22,0.52,0
RES-20250609-4065,246,20,2,0,1,1,10,1,5,0.239,2.3,136,204.35,3,1,0,0,1,0,92,0.11,0.12,0.86,1
RES-20250428-7777,1011,11,4,0,0,11,42,1,3,0.051,2.7,115,1928.43,5,2,0,0,1,0,724,0.14,0.14,0.58,0
RES-20250922-1172,341,21,2,0,1,7,14,1,3,0.069,3.4,155,884.91,6,2,1,1,1,0,228,0.11,0.22,0.94,0
RES-20250724-7325,522,13,0,1,0,5,21,1,12,0.052,2.4,151,312.11,2,0,0,0,1,1,499,0.18,0.14,0.61,0
RES-20251004-8551,1254,19,3,0,1,3,52,1,1,0.042,4.2,135,1102.88,4,1,0,0,1,0,805,0.12,0.12,0.86,0
RES-20250516-4814,551,20,6,1,1,11,22,0,0,0.15,2.3,999,0,6,2,1,1,1,0,107,0.17,0.12,0.81,1
RES-20251005-7170,1196,18,5,1,1,12,49,0,0,0.15,2.9,999,0,4,1,0,0,1,0,530,0.16,0.12,0.87,1
RES-20250603-6162,201,22,3,0,0,9,8,1,10,0.076,2.8,11,1854.49,2,0,0,0,1,1,188,0.12,0.22,0.67,0
RES-20250516-8536,1381,22,4,0,0,7,57,0,0,0.15,3.4,999,0,4,1,0,0,1,1,689,0.14,0.22,0.56,0
RES-20250805-3547,539,20,3,0,1,11,22,0,0,0.15,2.1,999,0,3,1,0,0,1,1,179,0.12,0.12,0.81,0
RES-20250924-8588,1060,12,1,0,0,7,44,0,0,0.15,4.3,999,0,4,1,0,0,1,0,520,0.12,0.14,0.67,0
RES-20250812-2802,405,18,2,0,1,9,16,1,9,0.04,4.3,54,881.76,4,1,0,1,1,0,173,0.11,0.12,0.83,0
RES-20250810-2368,1456,21,1,0,1,7,60,0,0,0.15,3.3,999,0,5,2,0,0,0,0,0,0.12,0.22,0.93,0
RES-20250705-1462,677,13,4,0,0,8,28,0,0,0.15,2.4,999,0,3,1,0,0,1,0,413,0.14,0.14,0.63,0
RES-20250926-2273,816,20,1,0,1,7,34,0,0,0.15,3.4,999,0,2,0,0,0,1,1,672,0.12,0.12,0.88,1
RES-20250725-2133,1078,18,2,0,1,7,44,0,0,0.15,3.7,999,0,2,0,0,0,1,0,436,0.11,0.12,0.9,1
RES-20250904-7704,426,21,6,1,1,3,17,1,14,0.078,2.3,87,366.84,5,2,0,0,1,0,84,0.17,0.22,0.85,1
RES-20250812-8798,894,20,0,1,1,3,37,0,0,0.15,3.5,999,0,2,0,0,0,0,0,0,0.18,0.12,0.9,0
RES-20250606-8742,1072,20,3,0,1,8,44,1,15,0.037,3,179,1694.42,4,1,0,0,1,0,345,0.12,0.12,0.95,0
RES-20250627-7024,441,21,6,1,1,4,18,0,0,0.15,4,999,0,8,2,1,0,1,0,138,0.17,0.22,0.94,1
RES-20251007-8779,180,21,3,0,1,6,7,0,0,0.15,2.1,999,0,5,2,0,0,1,1,77,0.12,0.22,0.83,0
RES-20250921-3690,879,18,6,1,1,12,36,0,0,0.15,2.5,999,0,5,2,0,0,1,0,771,0.17,0.12,0.9,0
RES-20250707-7728,402,12,0,1,0,12,16,0,0,0.15,3,999,0,2,0,0,1,1,1,35,0.18,0.14,0.67,1
RES-20250921-8007,682,18,4,0,1,11,28,1,3,0.07,3.6,80,1601.34,8,2,1,1,1,0,427,0.14,0.12,0.95,0
RES-20251021-3514,26,11,3,0,0,6,1,0,0,0.15,3.3,999,0,3,1,0,0,1,0,24,0.12,0.14,0.53,1
RES-20250611-7875,496,21,6,1,1,1,20,1,8,0.028,3.7,65,555.17,2,0,0,0,1,0,318,0.17,0.22,0.81,0
RES-20250614-6897,679,19,5,1,1,2,28,1,8,0.245,4,138,680.08,6,2,1,0,1,0,544,0.16,0.12,0.85,1
RES-20250730-9580,524,20,2,0,1,10,21,1,14,0.089,2.8,75,1824.27,6,2,1,0,1,0,497,0.11,0.12,0.92,0
RES-20250908-9592,1208,21,6,1,1,8,50,1,6,0.054,4.1,172,501.78,2,0,0,1,1,0,679,0.17,0.22,0.91,0
RES-20250730-4952,920,19,1,0,1,12,38,0,0,0.15,3.7,999,0,4,1,0,0,1,0,365,0.12,0.12,0.89,0
RES-20250925-5340,1282,21,1,0,1,10,53,1,8,0.193,2.8,140,1364.07,2,0,0,0,1,1,643,0.12,0.22,0.82,0
RES-20250912-1111,1089,21,4,0,1,5,45,0,0,0.15,3.3,999,0,6,2,1,0,1,0,448,0.14,0.22,0.84,1
RES-20250916-5924,799,21,1,0,1,7,33,1,7,0.297,3.2,107,1886.09,2,0,0,1,1,1,60,0.12,0.22,0.91,0
RES-20250510-5392,169,11,0,1,0,12,7,0,0,0.15,2.5,999,0,5,2,0,0,1,0,149,0.18,0.14,0.7,0
RES-20250724-6550,45,11,5,1,0,8,1,1,1,0.094,3.8,91,757.48,2,0,0,1,1,0,40,0.16,0.14,0.59,0
RES-20250619-8170,22,12,2,0,0,2,0,0,0,0.15,3.2,999,0,4,1,0,1,1,1,23,0.11,0.14,0.71,0
RES-20250504-3804,267,13,2,0,0,6,11,0,0,0.15,2.1,999,0,3,1,0,0,1,0,104,0.11,0.14,0.6,0
RES-20250527-8519,168,18,3,0,1,3,7,0,0,0.15,2.9,999,0,2,0,0,0,1,0,73,0.12,0.12,0.93,0
RES-20250501-2112,702,21,5,1,1,4,29,1,9,0.218,3.8,132,740.7,6,2,1,0,1,1,283,0.16,0.22,0.83,0
RES-20250630-7235,577,11,3,0,0,3,24,0,0,0.15,2.2,999,0,4,1,0,0,1,1,180,0.12,0.14,0.69,1
RES-20250612-4288,1151,22,6,1,0,9,47,1,15,0.05,2.6,134,984.02,2,0,0,1,1,0,390,0.17,0.22,0.74,0
RES-20250429-2341,634,21,3,0,1,5,26,0,0,0.15,3.9,999,0,1,0,0,0,1,1,74,0.12,0.22,0.91,0
RES-20250826-6081,728,22,5,1,0,1,30,0,0,0.15,2.9,999,0,3,1,0,0,1,0,709,0.16,0.22,0.68,0
RES-20250515-8719,1075,12,2,0,0,8,44,0,0,0.15,4.2,999,0,4,1,0,1,0,0,0,0.11,0.14,0.7,0
RES-20250608-1020,1316,20,1,0,1,6,54,1,11,0.053,4.4,42,566.2,2,0,0,0,1,0,628,0.12,0.12,0.85,0
RES-20250919-2159,559,21,5,1,1,9,23,0,0,0.15,4.5,999,0,4,1,0,0,1,0,515,0.16,0.22,0.81,0
RES-20250809-4804,1260,20,4,0,1,9,52,0,0,0.15,2.7,999,0,5,2,0,0,1,0,951,0.14,0.12,0.89,0
RES-20250701-2284,129,18,0,1,1,7,5,0,0,0.15,3.8,999,0,3,1,0,0,1,1,45,0.18,0.12,0.84,0
RES-20250503-5609,744,18,0,1,1,8,31,0,0,0.15,3.9,999,0,5,2,0,0,1,1,361,0.18,0.12,0.89,0
RES-20250824-9547,694,11,6,1,0,7,28,1,11,0.228,2.2,176,602.84,2,0,0,0,1,1,490,0.17,0.14,0.58,1
RES-20251016-5128,1457,21,1,0,1,11,60,0,0,0.15,4.4,999,0,5,2,0,1,1,0,1455,0.12,0.22,0.82,0
RES-20250530-7775,683,18,6,1,1,10,28,0,0,0.15,3.9,999,0,6,2,1,1,1,1,659,0.17,0.12,0.88,1
RES-20250920-6518,273,11,1,0,0,10,11,0,0,0.15,2.6,999,0,4,1,0,0,1,0,52,0.12,0.14,0.74,0
RES-20250818-8418,347,13,6,1,0,9,14,0,0,0.15,3.6,999,0,8,2,1,1,1,0,181,0.17,0.14,0.74,1
RES-20250719-9593,733,13,3,0,0,3,30,1,10,0.054,4,150,665.43,2,0,0,0,1,0,128,0.12,0.14,0.74,0
RES-20250703-9025,790,18,2,0,1,7,32,0,0,0.15,4.5,999,0,4,1,0,1,1,0,326,0.11,0.12,0.93,0
RES-20250930-5613,1445,13,2,0,0,3,60,0,0,0.15,3.6,999,0,2,0,0,1,1,1,1183,0.11,0.14,0.65,0
RES-20250502-4338,1116,11,0,1,0,7,46,1,3,0.093,2.4,117,552.04,8,2,1,0,1,0,1108,0.18,0.14,0.7,0
RES-20250927-3976,349,18,3,0,1,8,14,1,2,0.086,2.5,168,606.97,2,0,0,1,1,1,201,0.12,0.12,0.87,0
RES-20250621-6550,502,19,5,1,1,5,20,0,0,0.15,2,999,0,5,2,0,0,1,0,156,0.16,0.12,0.93,1
RES-20250616-1223,1452,22,5,1,0,10,60,0,0,0.15,4.2,999,0,2,0,0,1,1,0,768,0.16,0.22,0.64,0
RES-20250831-1634,1024,13,5,1,0,2,42,1,15,0.09,4.5,133,1172.29,5,2,0,0,0,0,0,0.16,0.14,0.71,0
RES-20250624-4863,726,19,0,1,1,9,30,0,0,0.15,3.5,999,0,4,1,0,0,1,1,367,0.18,0.12,0.87,0
RES-20250707-8141,78,12,0,1,0,9,3,0,0,0.15,3.2,999,0,2,0,0,1,1,1,26,0.18,0.14,0.62,0
RES-20250705-2657,1021,13,3,0,0,4,42,1,12,0.041,3.5,28,1256.07,8,2,1,0,1,0,926,0.12,0.14,0.52,0
RES-20250622-9225,450,11,1,0,0,9,18,1,12,0.058,3.7,57,345.63,4,1,0,1,1,1,196,0.12,0.14,0.71,0
RES-20250601-1543,332,19,4,0,1,10,13,0,0,0.15,4.1,999,0,2,0,0,1,1,0,52,0.14,0.12,0.92,0
RES-20251009-4650,569,19,4,0,1,9,23,0,0,0.15,2.8,999,0,3,1,0,1,1,1,419,0.14,0.12,0.82,0
RES-20251015-2568,643,13,4,0,0,3,26,0,0,0.15,2.2,999,0,2,0,0,1,1,0,419,0.14,0.14,0.61,0
RES-20250818-2162,571,13,4,0,0,1,23,1,3,0.029,4.5,94,1948.43,6,2,1,1,1,1,469,0.14,0.14,0.56,0
RES-20250706-9930,1257,21,1,0,1,3,52,0,0,0.15,2.2,999,0,2,0,0,0,1,0,1052,0.12,0.22,0.84,0
RES-20250509-7288,1082,12,6,1,0,6,45,0,0,0.15,2.6,999,0,2,0,0,0,1,0,909,0.17,0.14,0.51,1
RES-20250625-2683,373,13,1,0,0,2,15,0,0,0.15,2.2,999,0,5,2,0,0,1,0,78,0.12,0.14,0.68,0
RES-20250823-7834,1405,22,6,1,0,2,58,0,0,0.15,3.2,999,0,6,2,1,0,0,0,0,0.17,0.22,0.61,1
RES-20250914-6888,752,22,4,0,0,2,31,1,15,0.047,2.8,88,924.58,4,1,0,0,1,0,498,0.14,0.22,0.61,0
RES-20250912-3935,1304,12,6,1,0,8,54,1,15,0.011,3,16,177.15,5,2,0,1,1,0,565,0.17,0.14,0.66,0
RES-20250818-4770,1100,18,5,1,1,9,45,1,14,0.002,2.3,14,1534.51,2,0,0,0,1,0,763,0.16,0.12,0.9,0
RES-20250624-3783,1420,11,3,0,0,2,59,1,5,0.148,2.9,93,959.11,5,2,0,0,1,0,53,0.12,0.14,0.69,0
RES-20250810-9586,1066,20,3,0,1,11,44,1,12,0.047,3.9,43,1288.93,4,1,0,1,1,1,1026,0.12,0.12,0.93,0
RES-20250908-3869,753,18,0,1,1,8,31,1,10,0.21,2.8,132,797.43,3,1,0,1,1,1,407,0.18,0.12,0.84,0
RES-20250524-5878,230,20,6,1,1,2,9,1,1,0.128,3.2,13,452.24,2,0,0,0,1,0,63,0.17,0.12,0.92,1
RES-20250927-7838,264,22,0,1,0,10,11,0,0,0.15,3.3,999,0,8,2,1,1,0,0,0,0.18,0.22,0.53,1
RES-20251010-3896,765,13,4,0,0,4,31,1,1,0.158,2.5,83,653.14,2,0,0,0,1,1,726,0.14,0.14,0.63,0
RES-20250817-8910,932,13,4,0,0,7,38,0,0,0.15,2.6,999,0,4,1,0,0,1,1,805,0.14,0.14,0.53,0
RES-20250618-9855,347,12,6,1,0,9,14,0,0,0.15,3.3,999,0,4,1,0,1,1,0,310,0.17,0.14,0.66,0
RES-20250808-9960,974,20,3,0,1,3,40,1,1,0.046,3.2,24,899.53,8,2,1,0,1,1,259,0.12,0.12,0.91,0
RES-20250602-7628,619,13,0,1,0,8,25,0,0,0.15,3.1,999,0,2,0,0,0,1,1,179,0.18,0.14,0.72,0
RES-20250531-1724,79,22,0,1,0,7,3,1,12,0.021,2.3,161,1043.62,4,1,0,1,1,1,57,0.18,0.22,0.66,0
RES-20250811-6049,974,12,3,0,0,5,40,0,0,0.15,4.4,999,0,8,2,1,0,1,0,357,0.12,0.14,0.69,1
RES-20250824-6806,83,20,3,0,1,4,3,1,1,0.225,3.1,157,1171.78,2,0,0,0,1,0,34,0.12,0.12,0.84,0
RES-20251009-7891,568,20,3,0,1,8,23,0,0,0.15,4.2,999,0,1,0,0,0,0,0,0,0.12,0.12,0.81,1
RES-20250703-6203,217,21,3,0,1,3,9,1,4,0.076,3.5,163,346.92,4,1,0,1,1,0,178,0.12,0.22,0.9,0
RES-20250521-1866,625,19,0,1,1,3,26,1,3,0.069,4.5,48,1959.63,3,1,0,0,0,0,0,0.18,0.12,0.91,0
RES-20250814-8753,1179,19,1,0,1,8,49,0,0,0.15,3.5,999,0,2,0,0,0,1,0,979,0.12,0.12,0.92,0
RES-20250611-4564,916,19,1,0,1,4,38,0,0,0.15,4.2,999,0,8,2,1,0,1,1,653,0.12,0.12,0.91,0
RES-20250814-7989,431,20,6,1,1,2,17,0,0,0.15,2.5,999,0,8,2,1,1,1,1,215,0.17,0.12,0.82,0
RES-20250727-5312,985,13,4,0,0,11,41,0,0,0.15,2.9,999,0,1,0,0,0,1,0,434,0.14,0.14,0.73,0
RES-20250626-5414,857,13,5,1,0,8,35,0,0,0.15,3.2,999,0,8,2,1,0,1,0,619,0.16,0.14,0.61,1
RES-20250606-3751,670,13,2,0,0,2,27,0,0,0.15,2.8,999,0,4,1,0,0,1,0,124,0.11,0.14,0.71,0
RES-20250715-5840,1206,22,0,1,0,11,50,1,7,0.264,4.4,64,1248.55,2,0,0,0,1,0,977,0.18,0.22,0.67,0
RES-20250719-4991,444,18,3,0,1,11,18,0,0,0.15,2.8,999,0,5,2,0,0,1,1,370,0.12,0.12,0.84,0
RES-20250618-9432,249,19,1,0,1,6,10,1,2,0.125,3.3,133,285.31,2,0,0,0,1,0,100,0.12,0.12,0.82,0
RES-20250628-2220,1151,12,2,0,0,9,47,1,15,0.046,2.1,120,655.96,4,1,0,0,1,1,752,0.11,0.14,0.62,0
RES-20250826-2285,808,18,6,1,1,7,33,1,13,0.128,4.5,21,202.12,3,1,0,1,1,1,576,0.17,0.12,0.81,0
RES-20250620-8011,521,22,5,1,0,11,21,0,0,0.15,4.3,999,0,3,1,0,0,1,1,352,0.16,0.22,0.54,0
RES-20250716-9353,828,19,4,0,1,5,34,1,3,0.046,3.3,173,754.33,2,0,0,0,1,0,723,0.14,0.12,0.84,0
RES-20250429-5055,989,18,5,1,1,2,41,0,0,0.15,2.9,999,0,3,1,0,0,0,0,0,0.16,0.12,0.81,1
RES-20250711-1478,68,20,6,1,1,3,2,1,5,0.094,4.4,145,1338.94,4,1,0,0,1,1,24,0.17,0.12,0.84,0
RES-20250625-8263,285,22,3,0,0,1,11,1,14,0.084,4,139,1182.5,4,1,0,0,1,0,33,0.12,0.22,0.5,0
RES-20250527-8401,208,13,2,0,0,7,8,0,0,0.15,2.4,999,0,8,2,1,1,1,1,193,0.11,0.14,0.66,0
RES-20250929-6138,378,19,1,0,1,8,15,0,0,0.15,3.6,999,0,8,2,1,0,1,1,138,0.12,0.12,0.84,0
RES-20251016-2251,1255,19,5,1,1,7,52,0,0,0.15,3.9,999,0,2,0,0,0,1,1,296,0.16,0.12,0.88,0
RES-20250728-8331,1279,18,5,1,1,12,53,1,10,0.08,2.5,67,1389.41,2,0,0,0,1,0,866,0.16,0.12,0.94,0
RES-20250619-1478,1263,21,4,0,1,9,52,0,0,0.15,4.3,999,0,1,0,0,0,1,0,1082,0.14,0.22,0.95,0
RES-20250510-8480,1063,20,4,0,1,5,44,0,0,0.15,3.3,999,0,2,0,0,0,1,0,261,0.14,0.12,0.86,0
RES-20250719-8741,94,21,2,0,1,5,3,0,0,0.15,2.1,999,0,6,2,1,0,1,0,57,0.11,0.22,0.91,0
RES-20250728-4838,120,19,6,1,1,2,5,0,0,0.15,3.5,999,0,8,2,1,0,1,0,60,0.17,0.12,0.93,1
RES-20250626-8042,600,21,0,1,1,12,25,1,15,0.067,2.4,170,151.01,2,0,0,0,1,1,484,0.18,0.22,0.92,0
RES-20250504-2621,862,21,2,0,1,9,35,1,7,0.191,4.3,155,103.79,1,0,0,0,1,1,455,0.11,0.22,0.93,0
RES-20251013-4316,433,11,6,1,0,9,18,1,11,0.104,2.3,59,1482.19,5,2,0,0,1,1,309,0.17,0.14,0.64,0
RES-20250619-5918,589,11,4,0,0,2,24,0,0,0.15,3.4,999,0,4,1,0,0,1,1,53,0.14,0.14,0.69,0
RES-20250707-9985,167,20,5,1,1,5,6,1,8,0.064,3.9,146,402.1,2,0,0,0,1,1,25,0.16,0.12,0.81,0
RES-20250921-3301,305,22,4,0,0,8,12,0,0,0.15,3.4,999,0,2,0,0,0,1,0,59,0.14,0.22,0.7,0
RES-20250827-4789,657,18,1,0,1,11,27,0,0,0.15,4.4,999,0,2,0,0,0,0,0,0,0.12,0.12,0.83,0
RES-20250614-1824,862,21,5,1,1,1,35,1,1,0.015,3.7,131,779.46,4,1,0,1,1,1,238,0.16,0.22,0.88,0
RES-20250604-4789,508,20,4,0,1,11,21,0,0,0.15,2.9,999,0,8,2,1,0,0,0,0,0.14,0.12,0.83,1
RES-20250512-3715,456,18,6,1,1,4,19,1,4,0.179,2.4,42,1771.92,3,1,0,0,1,1,379,0.17,0.12,0.95,1
RES-20251014-7257,768,22,2,0,0,7,32,0,0,0.15,3.3,999,0,8,2,1,0,0,0,0,0.11,0.22,0.73,0
RES-20250916-1788,17,19,3,0,1,8,0,1,14,0.072,2.3,163,638.9,4,1,0,1,0,0,0,0.12,0.12,0.93,0
RES-20250719-2059,944,18,2,0,1,3,39,1,4,0.073,2.7,149,1189.35,5,2,0,1,1,1,457,0.11,0.12,0.94,0
RES-20251007-7102,858,11,1,0,0,1,35,0,0,0.15,4.3,999,0,6,2,1,1,1,0,128,0.12,0.14,0.55,0
RES-20250728-8931,918,19,1,0,1,3,38,0,0,0.15,2.3,999,0,2,0,0,0,1,1,411,0.12,0.12,0.86,0
RES-20250913-2470,1234,22,4,0,0,8,51,1,10,0.029,2.1,20,1429.39,6,2,1,0,1,0,962,0.14,0.22,0.55,0
RES-20250919-4416,1021,22,0,1,0,5,42,1,11,0.086,4.1,170,1670.53,8,2,1,0,1,0,541,0.18,0.22,0.51,0
RES-20250911-4979,1271,13,5,1,0,7,52,0,0,0.15,4.2,999,0,8,2,1,0,1,1,842,0.16,0.14,0.65,1
RES-20250729-4562,537,22,3,0,0,7,22,1,14,0.054,3.1,159,626.2,4,1,0,0,1,0,259,0.12,0.22,0.61,0
RES-20250703-5604,401,21,3,0,1,3,16,1,12,0.225,2.3,146,1590.98,2,0,0,0,1,0,24,0.12,0.22,0.89,0
RES-20250727-5995,741,18,4,0,1,10,30,1,5,0.043,3,106,1786.34,4,1,0,0,1,0,213,0.14,0.12,0.85,0
RES-20251010-2830,120,22,1,0,0,12,5,0,0,0.15,3.8,999,0,2,0,0,1,1,1,113,0.12,0.22,0.62,0
RES-20250916-1647,267,22,1,0,0,2,11,0,0,0.15,3.5,999,0,1,0,0,1,1,1,218,0.12,0.22,0.7,1
RES-20250907-1182,1312,13,5,1,0,7,54,1,9,0.242,4.2,139,1884.11,2,0,0,0,0,0,0,0.16,0.14,0.52,0
RES-20250711-8790,973,11,6,1,0,12,40,0,0,0.15,2.7,999,0,5,2,0,1,1,1,499,0.17,0.14,0.54,0
RES-20250622-2594,1119,13,6,1,0,10,46,1,2,0.015,2.3,51,1729.57,2,0,0,0,1,0,165,0.17,0.14,0.7,0
RES-20250620-5934,107,21,1,0,1,4,4,1,13,0.028,3.8,8,1374.56,5,2,0,1,1,0,41,0.12,0.22,0.85,0
RES-20250429-3522,11,21,1,0,1,1,0,1,15,0.023,3.9,166,1521.19,2,0,0,0,1,0,14,0.12,0.22,0.89,0
RES-20250722-4298,1278,19,4,0,1,5,53,0,0,0.15,2.1,999,0,2,0,0,1,1,0,772,0.14,0.12,0.95,1
RES-20250815-5946,49,12,2,0,0,11,2,1,10,0.079,3.6,14,1395.12,4,1,0,0,1,1,29,0.11,0.14,0.73,0
RES-20250603-4326,747,21,5,1,1,11,31,0,0,0.15,3.5,999,0,2,0,0,1,1,0,740,0.16,0.22,0.91,0
RES-20250709-3153,1195,22,4,0,0,8,49,1,5,0.087,3.1,129,1563.69,2,0,0,0,1,0,736,0.14,0.22,0.62,1
RES-20250929-8919,1319,12,0,1,0,12,54,0,0,0.15,2.1,999,0,2,0,0,0,1,0,296,0.18,0.14,0.52,1
RES-20250912-4823,539,20,1,0,1,8,22,1,9,0.089,4.1,135,702.06,4,1,0,0,1,1,265,0.12,0.12,0.89,0
RES-20250617-3990,722,19,6,1,1,10,30,0,0,0.15,2.4,999,0,4,1,0,0,1,0,346,0.17,0.12,0.82,0
RES-20250629-2555,200,21,3,0,1,2,8,0,0,0.15,2.1,999,0,2,0,0,0,1,0,132,0.12,0.22,0.89,0
RES-20250805-7111,710,12,5,1,0,3,29,0,0,0.15,4.5,999,0,4,1,0,0,1,0,393,0.16,0.14,0.53,1
RES-20250902-4747,1062,20,2,0,1,5,44,1,11,0.235,3.3,15,1701.92,4,1,0,0,1,0,681,0.11,0.12,0.85,1
RES-20250703-5858,55,19,3,0,1,7,2,1,2,0.039,4,108,981.43,6,2,1,1,1,1,42,0.12,0.12,0.85,0
RES-20251021-9970,980,20,2,0,1,7,40,0,0,0.15,3,999,0,3,1,0,0,1,1,497,0.11,0.12,0.81,0
RES-20250512-2860,571,12,2,0,0,6,23,1,8,0.021,3.9,26,1979.39,4,1,0,0,0,0,0,0.11,0.14,0.63,0
RES-20251012-3557,617,18,2,0,1,6,25,1,4,0.084,3.8,176,1793.65,6,2,1,0,1,1,430,0.11,0.12,0.83,0
RES-20251020-1346,890,18,5,1,1,2,37,0,0,0.15,3.5,999,0,8,2,1,1,1,0,326,0.16,0.12,0.88,0
RES-20250611-5995,40,22,2,0,0,2,1,1,9,0.028,2.1,41,1367.31,4,1,0,0,1,1,25,0.11,0.22,0.63,0
RES-20250811-4243,870,11,3,0,0,11,36,0,0,0.15,3.4,999,0,2,0,0,0,1,0,373,0.12,0.14,0.72,1
RES-20250511-9689,596,22,6,1,0,2,24,0,0,0.15,2.8,999,0,6,2,1,1,1,1,82,0.17,0.22,0.69,1
RES-20250514-5935,980,11,0,1,0,10,40,0,0,0.15,3.3,999,0,2,0,0,0,1,0,43,0.18,0.14,0.74,0
RES-20250904-4580,41,20,2,0,1,11,1,0,0,0.15,2.5,999,0,5,2,0,0,1,0,31,0.11,0.12,0.81,0
RES-20250717-7132,405,12,1,0,0,2,16,0,0,0.15,4.2,999,0,2,0,0,1,0,0,0,0.12,0.14,0.55,1
RES-20250519-8186,1113,19,2,0,1,11,46,1,1,0.041,3.3,137,1181.02,1,0,0,1,1,0,505,0.11,0.12,0.92,0
RES-20250604-4304,482,19,1,0,1,12,20,1,7,0.08,2.2,102,582.32,8,2,1,0,1,1,456,0.12,0.12,0.88,0
RES-20250721-4596,1130,19,2,0,1,12,47,0,0,0.15,3,999,0,5,2,0,0,1,1,928,0.11,0.12,0.94,0
RES-20250831-3092,996,22,6,1,0,5,41,0,0,0.15,3.5,999,0,4,1,0,0,1,0,81,0.17,0.22,0.67,0
RES-20250701-2916,276,20,1,0,1,11,11,0,0,0.15,3.3,999,0,5,2,0,0,1,1,109,0.12,0.12,0.91,0
RES-20250924-6989,56,22,0,1,0,6,2,0,0,0.15,2.8,999,0,5,2,0,0,1,1,28,0.18,0.22,0.57,0
RES-20250820-4132,1144,22,5,1,0,5,47,0,0,0.15,2.4,999,0,3,1,0,0,1,0,979,0.16,0.22,0.59,0
RES-20250523-1976,1332,20,4,0,1,6,55,0,0,0.15,2.2,999,0,6,2,1,0,1,0,982,0.14,0.12,0.88,0
RES-20250617-8917,948,20,3,0,1,12,39,1,2,0.042,2.1,116,1387.72,2,0,0,0,1,0,579,0.12,0.12,0.85,0
RES-20250617-5216,1037,20,1,0,1,7,43,0,0,0.15,4.5,999,0,8,2,1,1,1,1,221,0.12,0.12,0.82,1
RES-20250513-2624,502,21,3,0,1,10,20,1,7,0.03,4.2,79,577.25,4,1,0,0,1,0,105,0.12,0.22,0.81,0
RES-20250608-4964,1421,19,0,1,1,3,59,1,7,0.033,3.1,90,1410.07,2,0,0,0,1,1,1394,0.18,0.12,0.85,0
RES-20250517-4879,428,11,4,0,0,11,17,0,0,0.15,2.9,999,0,2,0,0,0,1,0,27,0.14,0.14,0.55,1
RES-20250624-1012,584,11,3,0,0,7,24,1,13,0.091,2.1,41,312.2,2,0,0,1,1,0,480,0.12,0.14,0.54,0
RES-20251006-4235,1437,21,0,1,1,6,59,0,0,0.15,2.8,999,0,3,1,0,1,1,0,45,0.18,0.22,0.84,0
RES-20250430-5220,966,21,2,0,1,2,40,0,0,0.15,3.7,999,0,4,1,0,0,1,1,957,0.11,0.22,0.86,0
RES-20250510-1649,545,21,5,1,1,1,22,0,0,0.15,4.1,999,0,8,2,1,1,1,0,204,0.16,0.22,0.84,0
RES-20251022-8750,863,13,1,0,0,1,35,1,2,0.093,4.5,148,1051.9,5,2,0,0,1,0,259,0.12,0.14,0.69,0
RES-20250709-7407,739,11,0,1,0,8,30,1,4,0.03,3.7,165,634.31,1,0,0,0,1,1,210,0.18,0.14,0.54,0
RES-20250804-4323,973,12,0,1,0,10,40,1,1,0.215,4.4,132,1344.66,4,1,0,0,1,1,545,0.18,0.14,0.51,0
RES-20250708-3155,329,12,3,0,0,5,13,0,0,0.15,3.4,999,0,8,2,1,0,1,1,238,0.12,0.14,0.69,1
RES-20250913-9811,235,19,0,1,1,2,9,0,0,0.15,2.1,999,0,8,2,1,0,1,1,64,0.18,0.12,0.85,0
RES-20250511-6054,101,11,5,1,0,10,4,0,0,0.15,2.9,999,0,8,2,1,0,1,1,43,0.16,0.14,0.71,0
RES-20250910-7346,491,11,4,0,0,12,20,0,0,0.15,2.2,999,0,6,2,1,0,0,0,0,0.14,0.14,0.7,1
RES-20250824-6207,95,12,6,1,0,10,3,0,0,0.15,2.6,999,0,2,0,0,1,1,1,55,0.17,0.14,0.58,0
RES-20250611-1565,1436,13,6,1,0,10,59,1,14,0.092,3.4,37,702.57,6,2,1,1,1,0,808,0.17,0.14,0.67,0
RES-20250818-8829,81,11,3,0,0,2,3,0,0,0.15,3.2,999,0,4,1,0,0,0,0,0,0.12,0.14,0.55,0
RES-20250810-1147,469,12,1,0,0,2,19,1,14,0.085,3.2,114,1507.29,4,1,0,1,1,1,323,0.12,0.14,0.57,0
RES-20250922-2928,912,20,2,0,1,2,38,0,0,0.15,4.2,999,0,2,0,0,1,1,1,468,0.11,0.12,0.87,1
RES-20250902-3534,733,19,2,0,1,4,30,0,0,0.15,2,999,0,2,0,0,0,1,1,555,0.11,0.12,0.83,0
RES-20250923-1439,1321,12,3,0,0,2,55,1,10,0.234,2.3,155,1294.83,5,2,0,0,1,0,1217,0.12,0.14,0.67,0
RES-20251017-9754,17,21,3,0,1,2,0,0,0,0.15,3.9,999,0,2,0,0,0,1,0,23,0.12,0.22,0.81,0
RES-20250908-8007,1254,12,4,0,0,10,52,0,0,0.15,3.3,999,0,6,2,1,0,1,0,1078,0.14,0.14,0.63,1
RES-20251023-4771,581,22,3,0,0,10,24,1,6,0.079,3.2,169,224.44,2,0,0,0,0,0,0,0.12,0.22,0.62,0
RES-20251020-8591,8,20,5,1,1,10,0,0,0,0.15,3.3,999,0,1,0,0,0,0,0,0,0.16,0.12,0.91,0
RES-20250921-1397,1190,22,3,0,0,4,49,0,0,0.15,2,999,0,1,0,0,0,1,0,574,0.12,0.22,0.57,1
RES-20251001-5446,237,20,3,0,1,7,9,0,0,0.15,3.1,999,0,4,1,0,0,1,0,166,0.12,0.12,0.84,0
RES-20250706-1176,1054,20,5,1,1,8,43,0,0,0.15,2.7,999,0,5,2,0,0,1,0,757,0.16,0.12,0.83,1
RES-20250603-7234,718,13,4,0,0,6,29,0,0,0.15,3.6,999,0,2,0,0,0,1,1,75,0.14,0.14,0.56,0
RES-20251014-4871,959,13,3,0,0,9,39,1,2,0.266,3.5,144,1159.12,3,1,0,0,1,1,452,0.12,0.14,0.75,0
RES-20250826-4890,776,11,4,0,0,12,32,0,0,0.15,3.6,999,0,2,0,0,0,1,0,299,0.14,0.14,0.68,0
RES-20250921-2121,1313,18,0,1,1,5,54,1,13,0.023,4,28,389.41,6,2,1,0,1,0,618,0.18,0.12,0.87,1
RES-20250516-2843,41,12,0,1,0,2,1,0,0,0.15,3,999,0,6,2,1,0,1,0,30,0.18,0.14,0.68,1
RES-20250809-3724,766,21,5,1,1,10,31,0,0,0.15,4.4,999,0,2,0,0,1,0,0,0,0.16,0.22,0.88,1
RES-20250523-1703,1404,19,0,1,1,7,58,1,14,0.061,3.6,43,1779.33,2,0,0,0,0,0,0,0.18,0.12,0.86,0
RES-20250910-2951,1082,13,3,0,0,6,45,1,3,0.037,4,122,1398.1,2,0,0,0,0,0,0,0.12,0.14,0.71,0
RES-20250531-3959,1151,19,3,0,1,1,47,0,0,0.15,3.1,999,0,5,2,0,0,1,1,559,0.12,0.12,0.95,0
RES-20250722-7408,1445,21,1,0,1,9,60,0,0,0.15,3.5,999,0,8,2,1,1,1,0,309,0.12,0.22,0.81,0
RES-20250827-8311,246,21,2,0,1,3,10,1,9,0.077,3,9,428.7,1,0,0,1,0,0,0,0.11,0.22,0.83,0
RES-20250819-5848,628,22,3,0,0,1,26,0,0,0.15,2.1,999,0,3,1,0,0,1,0,362,0.12,0.22,0.55,0
RES-20250530-7057,724,20,0,1,1,9,30,0,0,0.15,4.2,999,0,1,0,0,0,1,1,723,0.18,0.12,0.86,0
RES-20250922-9582,742,11,1,0,0,11,30,1,7,0.025,2.8,24,972.13,2,0,0,1,1,0,724,0.12,0.14,0.59,0
RES-20250905-3523,1282,21,0,1,1,2,53,0,0,0.15,3,999,0,4,1,0,0,1,1,1063,0.18,0.22,0.83,0
RES-20250829-5508,440,11,6,1,0,2,18,1,13,0.072,2,107,1545.93,4,1,0,0,1,1,393,0.17,0.14,0.71,0
RES-20250921-3587,547,13,0,1,0,11,22,1,13,0.005,2.9,36,533.69,1,0,0,0,1,0,257,0.18,0.14,0.54,0
RES-20250910-5434,804,11,0,1,0,1,33,1,11,0.062,3.5,65,569.47,8,2,1,1,1,0,34,0.18,0.14,0.69,0
RES-20250919-4746,993,22,1,0,0,1,41,0,0,0.15,3.2,999,0,5,2,0,1,1,0,963,0.12,0.22,0.51,0
RES-20250527-6371,509,21,5,1,1,8,21,1,7,0.083,2.3,162,1958.07,2,0,0,0,1,0,359,0.16,0.22,0.85,0
RES-20250503-8295,754,11,0,1,0,3,31,1,15,0.038,3.1,32,292.27,4,1,0,0,1,0,313,0.18,0.14,0.52,0
RES-20250517-8829,1037,18,5,1,1,11,43,1,5,0.3,4.1,160,516.58,4,1,0,0,1,1,127,0.16,0.12,0.92,0
RES-20251009-8948,868,22,0,1,0,12,36,0,0,0.15,4.3,999,0,2,0,0,0,1,0,180,0.18,0.22,0.61,0
RES-20250801-9628,385,11,6,1,0,2,16,1,1,0.039,3.1,52,476.19,2,0,0,0,1,0,121,0.17,0.14,0.69,0
RES-20250615-3726,265,19,3,0,1,12,11,0,0,0.15,3.8,999,0,4,1,0,1,1,0,39,0.12,0.12,0.91,0
RES-20250828-1100,416,19,6,1,1,1,17,0,0,0.15,3.2,999,0,4,1,0,0,1,1,44,0.17,0.12,0.94,1
RES-20250901-1274,80,19,6,1,1,9,3,0,0,0.15,4.2,999,0,4,1,0,1,1,0,73,0.17,0.12,0.9,0
RES-20250723-3047,546,21,2,0,1,7,22,0,0,0.15,4.1,999,0,2,0,0,1,1,0,197,0.11,0.22,0.93,0
RES-20250709-1221,698,21,4,0,1,7,29,0,0,0.15,3,999,0,8,2,1,1,1,0,674,0.14,0.22,0.88,1
RES-20250818-6545,171,22,3,0,0,11,7,1,10,0.044,3.7,27,406.55,1,0,0,0,1,1,135,0.12,0.22,0.55,0
RES-20250508-8870,1129,11,6,1,0,10,47,1,10,0.011,2.4,151,217.58,4,1,0,0,1,1,978,0.17,0.14,0.67,0
RES-20250609-9839,691,19,6,1,1,11,28,1,12,0.259,3.1,74,1506.99,2,0,0,0,1,1,631,0.17,0.12,0.92,0
RES-20250520-6167,472,22,3,0,0,2,19,0,0,0.15,3.8,999,0,2,0,0,0,1,0,132,0.12,0.22,0.72,1
RES-20250818-6009,801,13,6,1,0,11,33,0,0,0.15,3.3,999,0,2,0,0,0,1,0,726,0.17,0.14,0.74,0
RES-20250822-3761,607,11,6,1,0,5,25,1,7,0.096,3.8,80,130.92,2,0,0,0,0,0,0,0.17,0.14,0.57,1
RES-20250813-4320,470,21,6,1,1,11,19,1,10,0.059,3.5,143,630.88,5,2,0,1,1,1,133,0.17,0.22,0.88,0
RES-20250827-5960,890,12,5,1,0,10,37,0,0,0.15,2,999,0,6,2,1,1,1,0,112,0.16,0.14,0.59,1
RES-20250602-4020,308,19,1,0,1,2,12,0,0,0.15,3.3,999,0,4,1,0,0,1,1,160,0.12,0.12,0.92,0
RES-20250610-4919,87,20,3,0,1,4,3,0,0,0.15,3.6,999,0,2,0,0,0,1,1,46,0.12,0.12,0.87,0
RES-20250527-9271,678,19,3,0,1,1,28,1,2,0.045,2.2,146,1387.25,4,1,0,0,1,1,384,0.12,0.12,0.84,0
RES-20250609-6045,939,11,4,0,0,6,39,0,0,0.15,4,999,0,5,2,0,1,1,0,113,0.14,0.14,0.57,0
RES-20251019-2191,1349,19,0,1,1,3,56,1,10,0.055,3.3,127,1159.78,1,0,0,1,1,0,629,0.18,0.12,0.83,0
RES-20250526-7991,1040,11,1,0,0,6,43,0,0,0.15,3.4,999,0,8,2,1,1,1,1,384,0.12,0.14,0.53,0
RES-20250703-3365,306,11,5,1,0,2,12,1,12,0.16,4.4,178,638.81,4,1,0,0,1,1,69,0.16,0.14,0.52,0
RES-20251019-1726,625,20,3,0,1,6,26,0,0,0.15,2.9,999,0,3,1,0,0,1,1,352,0.12,0.12,0.94,0
RES-20250622-8941,1339,20,2,0,1,3,55,1,8,0.116,3.2,74,372.78,6,2,1,0,1,0,248,0.11,0.12,0.89,0
RES-20250807-3338,913,13,6,1,0,5,38,0,0,0.15,4.3,999,0,6,2,1,1,0,0,0,0.17,0.14,0.54,1
RES-20250712-2306,722,19,1,0,1,4,30,0,0,0.15,4.2,999,0,4,1,0,0,1,1,711,0.12,0.12,0.82,0
RES-20251020-3977,1264,22,1,0,0,2,52,1,14,0.211,4.2,110,1538.14,3,1,0,1,1,1,415,0.12,0.22,0.74,0
RES-20251016-2798,432,11,2,0,0,10,18,0,0,0.15,3.5,999,0,2,0,0,0,1,1,411,0.11,0.14,0.66,0
RES-20250702-2492,1022,18,5,1,1,11,42,0,0,0.15,3.7,999,0,2,0,0,0,1,1,914,0.16,0.12,0.87,1
RES-20250621-6349,917,11,6,1,0,7,38,0,0,0.15,3.6,999,0,2,0,0,0,1,1,798,0.17,0.14,0.63,0
RES-20250629-6077,1058,18,6,1,1,2,44,0,0,0.15,4.1,999,0,1,0,0,0,1,0,859,0.17,0.12,0.94,1
RES-20250811-2725,509,11,2,0,0,10,21,1,1,0.022,3,85,1425.77,2,0,0,0,1,0,349,0.11,0.14,0.72,0
RES-20250917-7264,133,13,3,0,0,1,5,1,8,0.059,3.8,45,178.53,2,0,0,0,1,1,53,0.12,0.14,0.73,0
RES-20250507-9191,750,11,3,0,0,9,31,0,0,0.15,3.1,999,0,2,0,0,0,1,1,55,0.12,0.14,0.64,0
RES-20250615-5839,60,13,2,0,0,6,2,1,11,0.038,2.1,69,1712.97,5,2,0,1,0,0,0,0.11,0.14,0.62,0
RES-20250507-1135,960,19,2,0,1,6,40,0,0,0.15,3,999,0,1,0,0,0,1,1,888,0.11,0.12,0.85,0
RES-20250901-9041,734,21,5,1,1,8,30,0,0,0.15,2.7,999,0,8,2,1,0,1,0,101,0.16,0.22,0.93,1
RES-20251006-3646,984,12,0,1,0,8,41,0,0,0.15,2.5,999,0,2,0,0,1,1,1,383,0.18,0.14,0.67,0
RES-20250811-5176,1143,19,1,0,1,10,47,0,0,0.15,2.4,999,0,2,0,0,0,1,1,240,0.12,0.12,0.84,0
RES-20250801-6086,1309,11,2,0,0,11,54,1,11,0.02,2.8,151,818.28,2,0,0,0,1,0,219,0.11,0.14,0.67,0
RES-20250914-7932,576,21,0,1,1,11,24,1,15,0.045,3.7,76,229.98,5,2,0,1,1,0,347,0.18,0.22,0.93,0
RES-20251006-6547,192,21,4,0,1,12,8,0,0,0.15,3.3,999,0,1,0,0,0,1,0,133,0.14,0.22,0.87,0
RES-20250917-8454,1224,20,6,1,1,5,51,0,0,0.15,4.1,999,0,2,0,0,0,1,0,1130,0.17,0.12,0.94,0
RES-20250813-8903,324,21,2,0,1,11,13,1,5,0.032,2.1,35,1752.86,3,1,0,0,1,0,26,0.11,0.22,0.85,0
RES-20250513-6777,323,22,5,1,0,1,13,1,15,0.099,3.2,122,554.88,1,0,0,0,1,1,50,0.16,0.22,0.6,0
RES-20250701-9140,959,19,4,0,1,11,39,1,8,0.084,4.5,173,865.88,1,0,0,1,1,1,341,0.14,0.12,0.86,0
RES-20250706-5012,30,19,3,0,1,9,1,0,0,0.15,4,999,0,2,0,0,0,1,0,27,0.12,0.12,0.83,0
RES-20250707-6837,812,12,4,0,0,8,33,1,6,0.239,4.1,53,1735.48,2,0,0,0,1,0,296,0.14,0.14,0.5,0
RES-20251008-4075,324,13,4,0,0,7,13,1,4,0.034,3.8,146,1893.57,4,1,0,0,0,0,0,0.14,0.14,0.51,0
RES-20250921-8676,112,19,6,1,1,6,4,0,0,0.15,3.3,999,0,4,1,0,0,1,1,69,0.17,0.12,0.89,0
RES-20250618-2441,673,20,2,0,1,9,28,0,0,0.15,2.9,999,0,2,0,0,1,1,1,357,0.11,0.12,0.91,0
RES-20250429-2780,1199,22,3,0,0,6,49,0,0,0.15,3,999,0,4,1,0,0,1,1,525,0.12,0.22,0.65,0
RES-20250612-1276,1069,20,3,0,1,9,44,0,0,0.15,3.9,999,0,5,2,0,1,1,0,690,0.12,0.12,0.84,0
RES-20250630-3191,59,21,0,1,1,5,2,1,4,0.048,2.9,160,719.3,3,1,0,0,1,0,38,0.18,0.22,0.84,0
RES-20250606-2132,863,21,2,0,1,4,35,1,3,0.08,2.3,18,1046.92,2,0,0,0,1,0,185,0.11,0.22,0.92,0
RES-20250629-7092,1308,19,6,1,1,4,54,1,7,0.081,3.2,82,312.11,2,0,0,1,1,0,130,0.17,0.12,0.83,0
RES-20251001-6048,1168,19,4,0,1,2,48,0,0,0.15,2.6,999,0,2,0,0,0,1,1,662,0.14,0.12,0.87,0
RES-20250801-2942,580,12,2,0,0,8,24,1,5,0.099,2.2,160,1554.99,3,1,0,1,1,1,417,0.11,0.14,0.64,0
RES-20250916-6012,632,13,2,0,0,4,26,0,0,0.15,3.6,999,0,5,2,0,0,1,1,552,0.11,0.14,0.57,0
RES-20250830-9563,567,19,6,1,1,7,23,1,1,0.051,3.7,179,1066.08,1,0,0,1,1,1,505,0.17,0.12,0.9,0
RES-20250708-5383,310,13,0,1,0,2,12,1,1,0.062,3.5,90,238.46,2,0,0,0,1,0,142,0.18,0.14,0.62,0
RES-20250430-6156,1199,18,0,1,1,7,49,0,0,0.15,4.4,999,0,1,0,0,0,1,0,61,0.18,0.12,0.95,1
RES-20251023-1412,1217,12,5,1,0,2,50,0,0,0.15,4,999,0,4,1,0,1,1,0,702,0.16,0.14,0.56,0
RES-20250507-6731,1093,13,1,0,0,10,45,1,5,0.092,2.2,132,1813.34,4,1,0,1,1,1,883,0.12,0.14,0.7,0
RES-20250715-1547,826,12,0,1,0,8,34,0,0,0.15,2.9,999,0,5,2,0,1,1,0,367,0.18,0.14,0.71,1
RES-20250923-8703,878,22,3,0,0,5,36,0,0,0.15,2.5,999,0,2,0,0,0,1,1,803,0.12,0.22,0.53,0
RES-20250707-4263,1212,18,1,0,1,6,50,1,7,0.082,3.2,116,1646.2,2,0,0,0,1,0,1210,0.12,0.12,0.89,0
RES-20250515-9900,500,12,1,0,0,3,20,1,2,0.012,2.5,45,870.71,3,1,0,0,1,1,201,0.12,0.14,0.73,0
RES-20250729-9718,300,22,2,0,0,4,12,1,2,0.017,2,72,892.84,4,1,0,0,0,0,0,0.11,0.22,0.63,0
RES-20250904-6970,200,19,3,0,1,3,8,1,1,0.029,4.3,155,1319.39,8,2,1,1,1,1,29,0.12,0.12,0.88,0
RES-20250831-4704,471,12,6,1,0,5,19,0,0,0.15,3.3,999,0,5,2,0,0,1,0,26,0.17,0.14,0.56,0
RES-20250608-6174,1206,13,4,0,0,1,50,1,3,0.071,2.1,66,291.59,4,1,0,0,0,0,0,0.14,0.14,0.73,0
RES-20250914-7347,1118,19,2,0,1,6,46,0,0,0.15,3.8,999,0,2,0,0,1,1,0,822,0.11,0.12,0.83,0
RES-20250725-2600,425,12,3,0,0,2,17,0,0,0.15,2.1,999,0,8,2,1,0,1,0,356,0.12,0.14,0.5,0
RES-20250923-8400,969,18,2,0,1,8,40,0,0,0.15,4,999,0,6,2,1,0,1,0,348,0.11,0.12,0.84,1
RES-20250902-6588,39,12,0,1,0,5,1,0,0,0.15,2.7,999,0,2,0,0,0,1,1,31,0.18,0.14,0.7,0
RES-20250515-9224,195,22,3,0,0,8,8,0,0,0.15,2.7,999,0,2,0,0,0,1,1,98,0.12,0.22,0.7,1
RES-20250624-3622,1196,20,0,1,1,1,49,1,5,0.108,2,125,1878.57,5,2,0,0,1,0,1012,0.18,0.12,0.93,0
RES-20250717-2007,660,12,6,1,0,5,27,0,0,0.15,4.1,999,0,6,2,1,1,1,1,494,0.17,0.14,0.64,0
RES-20251001-4039,1093,12,1,0,0,11,45,0,0,0.15,4.1,999,0,8,2,1,0,1,0,1017,0.12,0.14,0.55,1
RES-20250906-9942,49,18,1,0,1,3,2,0,0,0.15,2.4,999,0,2,0,0,0,1,1,27,0.12,0.12,0.88,0
RES-20250729-5306,1422,19,4,0,1,6,59,0,0,0.15,2.1,999,0,4,1,0,0,1,1,729,0.14,0.12,0.82,0
RES-20250508-7553,781,13,0,1,0,10,32,0,0,0.15,3.4,999,0,5,2,0,0,1,0,71,0.18,0.14,0.54,0
RES-20251018-8927,486,22,1,0,0,2,20,1,11,0.203,2.1,151,980,3,1,0,1,1,0,381,0.12,0.22,0.62,0
RES-20250629-4714,1101,12,3,0,0,9,45,1,10,0.041,2.4,153,1098.23,4,1,0,0,1,1,991,0.12,0.14,0.64,0
RES-20250914-7581,234,20,6,1,1,3,9,0,0,0.15,2.4,999,0,5,2,0,1,0,0,0,0.17,0.12,0.85,1
RES-20251009-7800,91,19,4,0,1,2,3,1,9,0.285,3.6,102,1888.87,2,0,0,0,1,1,31,0.14,0.12,0.91,1
RES-20250823-6173,512,19,3,0,1,6,21,1,2,0.003,2.5,47,1225.87,4,1,0,0,1,0,472,0.12,0.12,0.89,0
RES-20250529-5146,156,18,6,1,1,11,6,0,0,0.15,4.2,999,0,5,2,0,0,1,0,105,0.17,0.12,0.87,0
RES-20250623-8607,1435,21,4,0,1,10,59,0,0,0.15,2.5,999,0,4,1,0,0,1,0,1007,0.14,0.22,0.81,0
RES-20250429-5577,245,19,6,1,1,5,10,1,3,0.009,3.1,94,1917.32,2,0,0,0,0,0,0,0.17,0.12,0.82,0
RES-20250428-5477,235,22,4,0,0,12,9,0,0,0.15,2.9,999,0,2,0,0,0,1,1,120,0.14,0.22,0.7,0
RES-20251016-1659,1414,13,3,0,0,8,58,0,0,0.15,4.4,999,0,2,0,0,1,1,1,336,0.12,0.14,0.66,0
RES-20251012-7312,967,11,0,1,0,6,40,1,12,0.003,3.8,158,288.99,2,0,0,0,1,0,346,0.18,0.14,0.5,0
RES-20250725-2437,11,13,3,0,0,2,0,0,0,0.15,2.7,999,0,6,2,1,0,1,0,12,0.12,0.14,0.75,0
RES-20250506-7827,703,22,6,1,0,4,29,0,0,0.15,2.7,999,0,1,0,0,0,1,0,370,0.17,0.22,0.69,0
RES-20250811-6640,695,21,5,1,1,11,28,0,0,0.15,4.4,999,0,2,0,0,0,0,0,0,0.16,0.22,0.94,1
RES-20250709-7090,211,18,0,1,1,1,8,0,0,0.15,3.7,999,0,3,1,0,1,1,0,176,0.18,0.12,0.93,1
RES-20250428-8987,610,19,4,0,1,1,25,1,13,0.015,3.2,62,1669.33,3,1,0,1,1,0,37,0.14,0.12,0.9,0
RES-20250913-3911,168,21,2,0,1,11,7,1,8,0.039,2.3,138,1903.95,4,1,0,0,1,0,151,0.11,0.22,0.85,0
RES-20250626-2333,619,20,2,0,1,5,25,0,0,0.15,2.2,999,0,4,1,0,1,1,0,340,0.11,0.12,0.83,0
RES-20251004-8562,758,13,0,1,0,4,31,0,0,0.15,3.1,999,0,1,0,0,0,1,0,382,0.18,0.14,0.63,0
RES-20250909-6958,135,20,0,1,1,10,5,1,9,0.056,2.9,140,443.11,4,1,0,0,1,0,116,0.18,0.12,0.85,0
RES-20250720-1669,1034,12,5,1,0,11,43,1,9,0.017,2.1,93,281.56,1,0,0,0,1,0,890,0.16,0.14,0.65,0
RES-20250728-9699,1070,13,3,0,0,9,44,0,0,0.15,2.8,999,0,4,1,0,1,1,0,882,0.12,0.14,0.68,1
RES-20250806-8255,142,21,5,1,1,10,5,0,0,0.15,2.6,999,0,2,0,0,0,1,1,128,0.16,0.22,0.83,0
RES-20251020-3937,106,18,6,1,1,5,4,0,0,0.15,4.1,999,0,4,1,0,1,1,0,47,0.17,0.12,0.85,0
RES-20250831-4450,1403,18,3,0,1,6,58,1,7,0.028,4.2,86,1283.73,3,1,0,0,1,0,1068,0.12,0.12,0.81,0
RES-20250827-9222,1107,21,1,0,1,10,46,1,13,0.188,2.8,116,944.56,5,2,0,0,1,0,193,0.12,0.22,0.88,0
RES-20250507-5222,765,11,1,0,0,6,31,0,0,0.15,4.1,999,0,1,0,0,1,1,0,654,0.12,0.14,0.57,0
RES-20250906-6277,397,11,5,1,0,11,16,1,3,0.262,2.8,60,406.48,5,2,0,0,1,0,397,0.16,0.14,0.72,0
RES-20250701-8670,1062,13,4,0,0,9,44,0,0,0.15,3.6,999,0,6,2,1,0,1,0,632,0.14,0.14,0.73,1
RES-20250719-5454,999,22,5,1,0,9,41,0,0,0.15,3.7,999,0,2,0,0,1,1,0,131,0.16,0.22,0.62,0
RES-20250913-5905,53,20,2,0,1,8,2,0,0,0.15,2.7,999,0,2,0,0,1,1,0,27,0.11,0.12,0.87,0
RES-20250514-4808,1285,19,6,1,1,6,53,1,10,0.068,4,122,1179.4,4,1,0,0,1,0,484,0.17,0.12,0.95,0
RES-20250626-9066,1379,12,0,1,0,7,57,1,1,0.076,3,162,1273.72,4,1,0,0,1,1,1142,0.18,0.14,0.63,0
RES-20251010-3480,1010,20,3,0,1,6,42,0,0,0.15,4.4,999,0,8,2,1,0,1,0,729,0.12,0.12,0.81,0
RES-20250704-4304,1001,12,2,0,0,11,41,0,0,0.15,4.5,999,0,2,0,0,1,1,1,156,0.11,0.14,0.58,1
RES-20250712-7162,43,13,3,0,0,11,1,0,0,0.15,3,999,0,2,0,0,0,1,1,42,0.12,0.14,0.52,0
RES-20250728-8975,585,21,0,1,1,2,24,1,10,0.136,3.6,96,231.92,2,0,0,1,0,0,0,0.18,0.22,0.88,0
RES-20250911-1099,482,20,1,0,1,9,20,0,0,0.15,4.3,999,0,3,1,0,0,1,1,306,0.12,0.12,0.89,0
RES-20250624-6332,862,22,2,0,0,9,35,0,0,0.15,2.4,999,0,2,0,0,0,1,0,780,0.11,0.22,0.7,1
RES-20250502-5374,858,11,2,0,0,3,35,0,0,0.15,3.7,999,0,2,0,0,1,1,0,249,0.11,0.14,0.6,0
RES-20250518-7105,1255,19,0,1,1,11,52,1,15,0.075,2.1,130,134.41,3,1,0,1,1,0,793,0.18,0.12,0.81,0
RES-20250814-8305,1348,22,2,0,0,12,56,0,0,0.15,2,999,0,3,1,0,0,1,1,830,0.11,0.22,0.53,0
RES-20251004-6179,868,21,1,0,1,12,36,0,0,0.15,2.8,999,0,4,1,0,1,0,0,0,0.12,0.22,0.82,0
RES-20250817-9378,804,21,4,0,1,6,33,0,0,0.15,3.9,999,0,8,2,1,1,0,0,0,0.14,0.22,0.95,1
RES-20250617-7034,711,18,2,0,1,6,29,0,0,0.15,3.8,999,0,2,0,0,0,1,0,285,0.11,0.12,0.82,0
RES-20251019-5520,218,13,2,0,0,3,9,0,0,0.15,2.4,999,0,5,2,0,0,1,0,201,0.11,0.14,0.66,1
RES-20250913-8326,1239,19,2,0,1,1,51,0,0,0.15,3.4,999,0,8,2,1,0,0,0,0,0.11,0.12,0.88,1
RES-20251017-1597,905,11,0,1,0,3,37,0,0,0.15,3.9,999,0,8,2,1,0,1,1,750,0.18,0.14,0.59,1
RES-20250505-9991,1187,18,2,0,1,7,49,0,0,0.15,4.2,999,0,8,2,1,1,1,0,273,0.11,0.12,0.88,0
RES-20250830-7603,278,12,0,1,0,2,11,0,0,0.15,3,999,0,8,2,1,1,1,0,137,0.18,0.14,0.5,1
RES-20250922-7119,258,20,6,1,1,5,10,0,0,0.15,4.3,999,0,4,1,0,0,1,0,98,0.17,0.12,0.81,0
RES-20250710-8608,15,22,0,1,0,12,0,0,0,0.15,2,999,0,8,2,1,1,1,0,17,0.18,0.22,0.68,0
RES-20250723-7869,1456,19,2,0,1,3,60,1,15,0.084,2.4,28,1570.04,2,0,0,0,1,1,810,0.11,0.12,0.85,0
RES-20250814-8027,562,11,2,0,0,11,23,0,0,0.15,2.4,999,0,4,1,0,0,1,0,176,0.11,0.14,0.53,1
RES-20250831-2600,520,11,5,1,0,12,21,0,0,0.15,3.9,999,0,8,2,1,0,1,1,378,0.16,0.14,0.69,1
RES-20250920-1383,95,20,5,1,1,1,3,1,8,0.064,2.9,106,559.16,4,1,0,0,1,1,60,0.16,0.12,0.95,1
RES-20250717-1289,1316,11,3,0,0,4,54,0,0,0.15,3.4,999,0,2,0,0,0,1,0,354,0.12,0.14,0.71,0
RES-20250815-4183,610,12,0,1,0,8,25,0,0,0.15,2.5,999,0,4,1,0,0,1,0,137,0.18,0.14,0.71,1
RES-20250815-6556,952,21,5,1,1,3,39,0,0,0.15,2.2,999,0,6,2,1,1,0,0,0,0.16,0.22,0.86,1
RES-20250821-3854,1066,19,2,0,1,12,44,0,0,0.15,2.8,999,0,1,0,0,1,1,0,1028,0.11,0.12,0.92,0
RES-20250811-6097,407,18,5,1,1,11,16,0,0,0.15,2.1,999,0,5,2,0,0,0,0,0,0.16,0.12,0.88,0
RES-20250530-7922,27,19,5,1,1,12,1,1,6,0.122,4.2,80,238.55,5,2,0,0,1,0,27,0.16,0.12,0.92,0
RES-20250606-2161,975,19,4,0,1,9,40,1,15,0.2,2.9,109,1782.64,2,0,0,0,1,0,699,0.14,0.12,0.9,1
RES-20250828-5249,897,19,3,0,1,12,37,1,6,0.04,4.5,91,1029.1,4,1,0,0,1,1,798,0.12,0.12,0.91,0
RES-20250815-8363,966,11,5,1,0,5,40,1,3,0.097,4,110,1176.83,6,2,1,0,1,0,664,0.16,0.14,0.5,0
RES-20251007-2280,107,18,4,0,1,5,4,0,0,0.15,2.6,999,0,4,1,0,1,1,0,101,0.14,0.12,0.82,0
RES-20251022-5034,243,19,2,0,1,9,10,0,0,0.15,3.8,999,0,8,2,1,1,1,0,138,0.11,0.12,0.86,0
RES-20250828-5747,421,12,6,1,0,4,17,0,0,0.15,3.2,999,0,2,0,0,0,1,0,291,0.17,0.14,0.57,0
RES-20250819-3976,293,18,4,0,1,8,12,0,0,0.15,4.1,999,0,3,1,0,0,1,0,84,0.14,0.12,0.86,1
RES-20250706-8472,1342,19,4,0,1,11,55,1,7,0.052,2.7,101,795.78,2,0,0,1,1,1,649,0.14,0.12,0.83,0
RES-20251017-2683,650,11,1,0,0,12,27,0,0,0.15,2.2,999,0,6,2,1,0,1,0,549,0.12,0.14,0.67,0
RES-20250825-7762,1114,19,3,0,1,11,46,1,9,0.054,2.5,49,1396.78,8,2,1,0,1,0,1065,0.12,0.12,0.8,1
RES-20250609-8027,253,18,6,1,1,8,10,1,9,0.057,2.4,40,1751.67,1,0,0,0,1,0,233,0.17,0.12,0.82,0
RES-20250622-7073,507,12,6,1,0,9,21,0,0,0.15,3.3,999,0,2,0,0,1,1,0,185,0.17,0.14,0.61,0
RES-20250920-6939,807,21,6,1,1,2,33,1,10,0.019,3.5,77,685.53,1,0,0,0,1,0,252,0.17,0.22,0.82,0
RES-20250612-9108,132,12,0,1,0,9,5,1,1,0.026,3.3,110,1672.59,2,0,0,0,1,0,85,0.18,0.14,0.5,0
RES-20250723-4070,392,21,2,0,1,6,16,0,0,0.15,2.9,999,0,4,1,0,0,1,1,78,0.11,0.22,0.89,0
RES-20250913-9553,1400,12,2,0,0,5,58,0,0,0.15,2.4,999,0,6,2,1,0,1,0,822,0.11,0.14,0.51,0
RES-20250514-7756,337,11,3,0,0,5,14,0,0,0.15,4.1,999,0,8,2,1,0,1,0,57,0.12,0.14,0.58,1
RES-20251019-5422,1423,18,0,1,1,10,59,0,0,0.15,3.3,999,0,2,0,0,0,1,1,175,0.18,0.12,0.93,0
RES-20251019-4834,982,19,0,1,1,7,40,0,0,0.15,4.5,999,0,3,1,0,1,1,0,661,0.18,0.12,0.91,0
RES-20251019-8625,1092,19,4,0,1,1,45,0,0,0.15,2.4,999,0,1,0,0,1,1,1,604,0.14,0.12,0.85,0
RES-20250925-5115,736,22,0,1,0,8,30,0,0,0.15,2.8,999,0,5,2,0,0,1,1,119,0.18,0.22,0.5,0
RES-20250429-6337,1023,22,4,0,0,4,42,1,3,0.251,3.4,57,1690.27,2,0,0,0,1,0,733,0.14,0.22,0.61,1
RES-20251017-7850,647,13,3,0,0,11,26,1,13,0.095,3.2,21,1745.37,3,1,0,0,1,0,472,0.12,0.14,0.71,0
RES-20250531-2093,1446,20,6,1,1,11,60,1,14,0.052,3.6,84,1057.94,2,0,0,0,1,1,1431,0.17,0.12,0.9,0
RES-20250513-2778,278,13,0,1,0,12,11,0,0,0.15,3,999,0,2,0,0,1,0,0,0,0.18,0.14,0.71,1
RES-20251007-4905,1330,19,2,0,1,3,55,0,0,0.15,2.3,999,0,5,2,0,0,1,0,573,0.11,0.12,0.84,1
RES-20250821-4440,919,13,4,0,0,12,38,1,3,0.045,4.1,72,152.91,2,0,0,1,1,1,637,0.14,0.14,0.72,0
RES-20251010-2418,588,18,2,0,1,11,24,0,0,0.15,3.6,999,0,3,1,0,0,1,0,287,0.11,0.12,0.92,1
RES-20250602-7904,302,12,1,0,0,11,12,0,0,0.15,3.3,999,0,8,2,1,1,1,0,82,0.12,0.14,0.55,1
RES-20250603-1242,1433,19,6,1,1,7,59,0,0,0.15,2.9,999,0,4,1,0,1,1,1,1277,0.17,0.12,0.93,0
RES-20250709-7368,475,21,3,0,1,6,19,1,3,0.01,2.9,96,885.79,2,0,0,1,1,0,424,0.12,0.22,0.94,0
RES-20250512-7832,618,21,6,1,1,1,25,1,8,0.064,2.5,76,618.84,1,0,0,0,1,1,251,0.17,0.22,0.92,0
RES-20250710-6101,375,19,1,0,1,8,15,0,0,0.15,4.5,999,0,4,1,0,0,1,1,327,0.12,0.12,0.9,0
RES-20250501-2788,1030,19,2,0,1,12,42,0,0,0.15,3.9,999,0,5,2,0,0,1,1,858,0.11,0.12,0.85,0
RES-20251001-1097,339,13,3,0,0,1,14,1,1,0.073,2.2,161,1703.96,6,2,1,0,1,0,127,0.12,0.14,0.53,0
RES-20250901-9090,93,20,4,0,1,11,3,0,0,0.15,3.4,999,0,3,1,0,0,1,1,33,0.14,0.12,0.92,0
RES-20250630-1747,473,22,1,0,0,1,19,0,0,0.15,3.4,999,0,1,0,0,1,1,1,363,0.12,0.22,0.66,0
RES-20250925-6219,431,13,1,0,0,6,17,1,15,0.088,2.3,47,1995.42,4,1,0,0,1,1,291,0.12,0.14,0.54,0
RES-20250606-1940,81,12,1,0,0,6,3,1,13,0.239,4.2,27,357.49,8,2,1,0,1,0,56,0.12,0.14,0.69,0
RES-20250515-6383,1199,13,4,0,0,8,49,0,0,0.15,2.8,999,0,5,2,0,0,1,1,1130,0.14,0.14,0.69,0
RES-20250905-1480,472,19,0,1,1,9,19,0,0,0.15,4.1,999,0,2,0,0,0,0,0,0,0.18,0.12,0.89,0
RES-20250702-3714,1079,12,6,1,0,4,44,0,0,0.15,2.6,999,0,5,2,0,1,1,0,1006,0.17,0.14,0.73,0
RES-20250704-8214,1381,20,2,0,1,5,57,1,15,0.056,2.1,77,227.82,2,0,0,1,1,0,82,0.11,0.12,0.84,0
RES-20250507-7311,387,22,6,1,0,7,16,0,0,0.15,3.2,999,0,6,2,1,0,1,0,364,0.17,0.22,0.71,0
RES-20250828-7237,740,12,3,0,0,10,30,0,0,0.15,3.3,999,0,6,2,1,0,1,1,417,0.12,0.14,0.7,0
RES-20250617-3384,943,12,4,0,0,8,39,1,1,0.091,3.1,26,1005.26,5,2,0,0,1,0,45,0.14,0.14,0.61,0
RES-20250718-6846,215,19,6,1,1,4,8,0,0,0.15,4.2,999,0,4,1,0,0,1,1,86,0.17,0.12,0.94,0
RES-20250825-3190,982,20,3,0,1,3,40,0,0,0.15,3,999,0,2,0,0,0,1,0,386,0.12,0.12,0.83,1
RES-20250811-3191,513,21,6,1,1,1,21,0,0,0.15,3.6,999,0,3,1,0,1,1,0,335,0.17,0.22,0.92,0
RES-20250726-7910,1212,22,2,0,0,10,50,0,0,0.15,3.8,999,0,5,2,0,0,0,0,0,0.11,0.22,0.66,0
RES-20250831-7741,537,11,6,1,0,3,22,0,0,0.15,2,999,0,1,0,0,1,1,0,316,0.17,0.14,0.55,1
RES-20250801-2974,764,13,4,0,0,2,31,1,1,0.035,2.3,147,1130.25,2,0,0,1,1,0,381,0.14,0.14,0.74,0
RES-20251014-5508,764,20,3,0,1,10,31,1,1,0.218,4.1,20,344.29,5,2,0,1,1,0,187,0.12,0.12,0.84,0
RES-20250717-8704,1038,12,1,0,0,10,43,0,0,0.15,2.6,999,0,3,1,0,0,1,1,615,0.12,0.14,0.54,0
RES-20251011-7338,1306,22,0,1,0,6,54,1,13,0.095,4.3,120,1367.84,4,1,0,0,0,0,0,0.18,0.22,0.68,0
RES-20250618-8509,252,20,2,0,1,10,10,0,0,0.15,2,999,0,2,0,0,0,1,0,170,0.11,0.12,0.86,0
RES-20250830-4142,362,13,4,0,0,2,15,1,13,0.009,4.5,63,811.42,5,2,0,1,1,1,284,0.14,0.14,0.51,0
RES-20251013-8471,978,13,2,0,0,12,40,0,0,0.15,3,999,0,2,0,0,1,1,0,916,0.11,0.14,0.57,0
RES-20251024-3974,86,19,3,0,1,6,3,0,0,0.15,4.3,999,0,3,1,0,0,1,1,44,0.12,0.12,0.83,0
RES-20250721-6642,122,12,5,1,0,3,5,0,0,0.15,2.6,999,0,4,1,0,1,1,0,87,0.16,0.14,0.66,0
RES-20250526-6535,1462,22,1,0,0,3,60,1,3,0.029,3.1,53,1400.34,2,0,0,0,1,0,480,0.12,0.22,0.62,0
RES-20251003-5056,357,19,0,1,1,5,14,0,0,0.15,4.3,999,0,4,1,0,0,0,0,0,0.18,0.12,0.86,0
RES-20250823-7300,587,19,1,0,1,2,24,0,0,0.15,4.4,999,0,4,1,0,1,1,1,573,0.12,0.12,0.88,0
RES-20250914-1334,1206,11,2,0,0,3,50,1,8,0.051,2.8,120,713.37,2,0,0,0,1,0,757,0.11,0.14,0.63,0
RES-20250604-3355,507,21,2,0,1,12,21,0,0,0.15,2.4,999,0,3,1,0,0,0,0,0,0.11,0.22,0.81,0
RES-20250506-7381,1309,20,3,0,1,3,54,1,12,0.172,3.1,9,175.69,4,1,0,1,1,0,656,0.12,0.12,0.82,0
RES-20250822-7863,697,20,1,0,1,9,29,0,0,0.15,3.9,999,0,2,0,0,1,1,0,515,0.12,0.12,0.83,1
RES-20250814-8642,895,21,0,1,1,4,37,0,0,0.15,3.9,999,0,5,2,0,1,1,0,725,0.18,0.22,0.88,1
RES-20250612-7028,1152,19,2,0,1,12,48,0,0,0.15,2.5,999,0,6,2,1,1,1,0,619,0.11,0.12,0.81,0
RES-20250719-3916,981,20,1,0,1,4,40,0,0,0.15,4.4,999,0,8,2,1,0,1,0,268,0.12,0.12,0.91,1
RES-20250717-5104,370,22,2,0,0,1,15,0,0,0.15,3.1,999,0,1,0,0,1,1,0,137,0.11,0.22,0.69,0
RES-20250709-9804,1164,12,2,0,0,4,48,0,0,0.15,2.4,999,0,1,0,0,1,1,1,889,0.11,0.14,0.53,0
RES-20251005-3115,1307,12,6,1,0,5,54,1,5,0.093,3.5,142,1289.33,2,0,0,0,1,1,703,0.17,0.14,0.54,0
RES-20250913-8614,1243,18,1,0,1,10,51,0,0,0.15,4.4,999,0,2,0,0,0,1,1,776,0.12,0.12,0.85,0
RES-20250702-5177,82,19,6,1,1,10,3,0,0,0.15,2.3,999,0,2,0,0,0,0,0,0,0.17,0.12,0.9,0
RES-20250509-1652,1370,22,3,0,0,1,57,1,11,0.032,2,60,1042.57,1,0,0,0,1,1,70,0.12,0.22,0.5,0
RES-20250926-3816,500,19,5,1,1,3,20,0,0,0.15,3.3,999,0,4,1,0,1,1,0,213,0.16,0.12,0.84,0
RES-20250926-3434,154,20,5,1,1,1,6,0,0,0.15,3.6,999,0,3,1,0,0,1,0,49,0.16,0.12,0.85,0
RES-20251022-6233,720,22,4,0,0,11,30,0,0,0.15,2.8,999,0,8,2,1,0,1,0,515,0.14,0.22,0.64,1
RES-20250918-8069,44,20,4,0,1,1,1,0,0,0.15,3,999,0,2,0,0,0,1,1,32,0.14,0.12,0.87,0
RES-20251002-2853,926,20,6,1,1,6,38,0,0,0.15,2.5,999,0,1,0,0,0,1,0,369,0.17,0.12,0.82,0
RES-20250607-9716,1344,13,0,1,0,1,56,0,0,0.15,2.4,999,0,2,0,0,0,1,1,88,0.18,0.14,0.66,0
RES-20251008-9110,59,20,0,1,1,10,2,1,1,0.123,2.2,156,1183.5,4,1,0,0,1,1,55,0.18,0.12,0.83,0
RES-20250902-4677,555,19,2,0,1,1,23,0,0,0.15,4.3,999,0,1,0,0,1,1,0,472,0.11,0.12,0.83,1
RES-20250710-4145,1405,13,5,1,0,2,58,0,0,0.15,3.1,999,0,8,2,1,0,0,0,0,0.16,0.14,0.75,1
RES-20251007-6417,427,13,6,1,0,9,17,1,2,0.003,3.8,72,1097.59,4,1,0,0,1,1,231,0.17,0.14,0.58,0
RES-20250725-4490,1031,21,0,1,1,9,42,1,7,0.071,3,51,867.43,4,1,0,0,0,0,0,0.18,0.22,0.93,0
RES-20250729-6802,1425,12,5,1,0,9,59,0,0,0.15,4.1,999,0,3,1,0,0,1,1,912,0.16,0.14,0.54,0
RES-20250929-9602,81,20,5,1,1,2,3,1,10,0.274,3,141,1965.95,8,2,1,0,1,1,65,0.16,0.12,0.93,0
RES-20250902-6640,12,12,0,1,0,10,0,0,0,0.15,3.1,999,0,3,1,0,1,1,0,19,0.18,0.14,0.71,0
RES-20250828-4904,826,13,2,0,0,8,34,1,5,0.205,3.4,91,253.93,2,0,0,0,1,1,194,0.11,0.14,0.73,0
RES-20250430-6806,426,12,0,1,0,7,17,0,0,0.15,2.4,999,0,2,0,0,0,1,1,238,0.18,0.14,0.54,0
RES-20250622-8220,297,18,5,1,1,2,12,0,0,0.15,2.6,999,0,2,0,0,0,1,0,182,0.16,0.12,0.87,0
RES-20250506-2976,413,12,5,1,0,1,17,0,0,0.15,3.6,999,0,8,2,1,0,1,0,295,0.16,0.14,0.73,0
RES-20250622-9176,805,12,2,0,0,5,33,0,0,0.15,4.5,999,0,2,0,0,0,1,0,717,0.11,0.14,0.74,0
RES-20250926-7984,989,18,0,1,1,8,41,1,4,0.085,2.3,63,817.05,1,0,0,0,1,0,122,0.18,0.12,0.82,0
RES-20250630-7418,809,22,0,1,0,7,33,0,0,0.15,3.3,999,0,6,2,1,0,1,0,462,0.18,0.22,0.56,1
RES-20250610-1893,1333,12,0,1,0,7,55,1,1,0.042,2.1,147,984.41,5,2,0,0,1,1,1085,0.18,0.14,0.51,0
RES-20251010-7322,268,12,6,1,0,3,11,0,0,0.15,3.8,999,0,2,0,0,0,1,0,168,0.17,0.14,0.64,0
RES-20251022-6676,1093,11,4,0,0,10,45,1,11,0.004,2.8,20,265.19,1,0,0,0,1,1,825,0.14,0.14,0.52,0
RES-20250922-8558,1232,18,5,1,1,5,51,0,0,0.15,4.5,999,0,8,2,1,0,1,1,1032,0.16,0.12,0.87,0
RES-20250830-9963,87,18,3,0,1,1,3,0,0,0.15,2.8,999,0,5,2,0,0,1,1,73,0.12,0.12,0.95,0
RES-20250724-4876,979,18,1,0,1,10,40,0,0,0.15,4.3,999,0,2,0,0,0,1,0,312,0.12,0.12,0.83,0
RES-20251004-5666,981,19,5,1,1,1,40,1,15,0.086,2.2,159,1969.51,1,0,0,1,1,1,501,0.16,0.12,0.83,0
RES-20250624-9001,385,19,3,0,1,10,16,0,0,0.15,2.5,999,0,4,1,0,1,1,0,160,0.12,0.12,0.81,0
RES-20250602-3778,777,18,3,0,1,12,32,1,9,0.008,3.2,52,1413.17,2,0,0,0,1,0,25,0.12,0.12,0.86,0
RES-20250527-5471,1099,20,3,0,1,7,45,1,4,0.021,3.7,128,805.15,8,2,1,1,0,0,0,0.12,0.12,0.94,0
RES-20251023-5164,262,12,5,1,0,5,10,0,0,0.15,2.8,999,0,6,2,1,0,1,0,168,0.16,0.14,0.57,1
RES-20250604-9647,184,12,5,1,0,12,7,1,10,0.068,2.1,84,937.1,8,2,1,1,1,1,31,0.16,0.14,0.54,0
RES-20250914-7789,274,19,6,1,1,1,11,0,0,0.15,3.2,999,0,4,1,0,1,1,0,195,0.17,0.12,0.87,0
RES-20250729-5323,11,22,6,1,0,5,0,1,12,0.038,3.1,98,1663.65,3,1,0,0,1,1,14,0.17,0.22,0.67,0
RES-20250506-2888,58,21,5,1,1,3,2,0,0,0.15,4.2,999,0,3,1,0,0,1,0,25,0.16,0.22,0.82,0
RES-20250619-7586,1197,19,0,1,1,10,49,0,0,0.15,4,999,0,8,2,1,0,1,1,183,0.18,0.12,0.95,0
RES-20250529-3962,651,22,6,1,0,7,27,0,0,0.15,2.8,999,0,4,1,0,0,1,1,344,0.17,0.22,0.62,0
RES-20250711-1856,1451,21,6,1,1,5,60,0,0,0.15,3.2,999,0,6,2,1,0,0,0,0,0.17,0.22,0.82,1
RES-20250704-3190,398,11,5,1,0,2,16,0,0,0.15,2.4,999,0,1,0,0,1,1,0,315,0.16,0.14,0.74,0
RES-20250712-5951,283,13,2,0,0,8,11,0,0,0.15,4,999,0,5,2,0,0,1,0,214,0.11,0.14,0.7,0
RES-20250620-2374,821,13,3,0,0,8,34,1,3,0.023,2.1,23,570.12,5,2,0,0,1,0,708,0.12,0.14,0.6,0
RES-20250719-5347,426,12,0,1,0,6,17,0,0,0.15,4,999,0,1,0,0,0,1,0,188,0.18,0.14,0.53,1
RES-20250606-9221,344,11,2,0,0,9,14,1,10,0.099,2.2,9,290.36,8,2,1,0,1,0,264,0.11,0.14,0.7,0
RES-20250830-6616,657,21,1,0,1,8,27,0,0,0.15,2.4,999,0,2,0,0,1,1,1,279,0.12,0.22,0.82,0
RES-20250505-6680,642,19,3,0,1,3,26,0,0,0.15,3.9,999,0,2,0,0,0,1,0,506,0.12,0.12,0.92,0
RES-20250826-8065,685,13,6,1,0,1,28,0,0,0.15,4.4,999,0,8,2,1,0,1,0,152,0.17,0.14,0.75,0
RES-20250526-1713,259,12,0,1,0,10,10,0,0,0.15,2.6,999,0,4,1,0,0,1,0,60,0.18,0.14,0.74,1
RES-20250822-3977,307,11,2,0,0,3,12,1,9,0.158,3.4,160,402.41,6,2,1,1,1,0,276,0.11,0.14,0.54,1
RES-20250728-9033,572,21,0,1,1,3,23,0,0,0.15,2.9,999,0,6,2,1,1,1,0,293,0.18,0.22,0.93,1
RES-20250724-9439,1113,12,3,0,0,3,46,0,0,0.15,3.3,999,0,6,2,1,1,1,0,678,0.12,0.14,0.74,0
RES-20250921-7383,594,12,6,1,0,6,24,0,0,0.15,3.1,999,0,6,2,1,1,1,0,429,0.17,0.14,0.64,1
RES-20250917-2018,442,11,4,0,0,8,18,0,0,0.15,3.2,999,0,5,2,0,1,1,1,27,0.14,0.14,0.66,0
RES-20250805-6636,82,13,3,0,0,11,3,1,7,0.024,4,172,1426.77,2,0,0,0,1,1,80,0.12,0.14,0.68,0
RES-20250525-9784,783,21,4,0,1,12,32,0,0,0.15,4.1,999,0,5,2,0,0,1,1,761,0.14,0.22,0.81,0
RES-20250515-6624,407,19,4,0,1,10,16,0,0,0.15,3.8,999,0,6,2,1,1,1,1,159,0.14,0.12,0.9,0
RES-20250515-9243,744,19,6,1,1,8,31,0,0,0.15,2.1,999,0,2,0,0,0,1,0,372,0.17,0.12,0.92,0
RES-20250521-5438,301,11,4,0,0,5,12,1,1,0.056,2.1,16,1704.58,1,0,0,0,1,1,249,0.14,0.14,0.53,0
RES-20250930-8169,621,11,4,0,0,4,25,1,13,0.009,3.8,135,1816.29,2,0,0,0,1,0,455,0.14,0.14,0.63,0
RES-20250714-4960,1399,21,2,0,1,3,58,0,0,0.15,4.4,999,0,4,1,0,1,0,0,0,0.11,0.22,0.82,0
RES-20250702-5406,669,20,6,1,1,7,27,0,0,0.15,2.2,999,0,5,2,0,0,1,0,556,0.17,0.12,0.8,1
RES-20251008-6492,142,12,6,1,0,10,5,0,0,0.15,3.9,999,0,2,0,0,0,1,1,81,0.17,0.14,0.67,0
RES-20250927-2211,1047,22,4,0,0,11,43,0,0,0.15,4,999,0,5,2,0,0,1,0,280,0.14,0.22,0.59,0
RES-20250721-2128,1186,19,3,0,1,1,49,0,0,0.15,2.6,999,0,2,0,0,0,1,0,481,0.12,0.12,0.92,0
RES-20250827-2876,1290,19,5,1,1,10,53,0,0,0.15,3.1,999,0,2,0,0,0,1,0,1249,0.16,0.12,0.84,1
RES-20250531-2344,512,20,3,0,1,7,21,1,1,0.092,3.9,37,809.6,4,1,0,1,0,0,0,0.12,0.12,0.93,0
RES-20251006-9624,1350,22,1,0,0,10,56,1,8,0.045,4.1,92,212.08,2,0,0,0,1,1,208,0.12,0.22,0.59,0
RES-20250924-7580,1151,13,2,0,0,11,47,0,0,0.15,4.4,999,0,5,2,0,0,1,1,474,0.11,0.14,0.61,0
RES-20250922-3394,50,11,6,1,0,11,2,0,0,0.15,3,999,0,2,0,0,0,1,0,50,0.17,0.14,0.64,1
RES-20251003-3086,1394,13,2,0,0,10,58,1,15,0.014,2.7,21,950.64,4,1,0,1,1,0,632,0.11,0.14,0.7,0
RES-20250707-1209,811,13,2,0,0,8,33,0,0,0.15,3.5,999,0,4,1,0,1,1,0,180,0.11,0.14,0.7,0
RES-20251010-2359,101,18,5,1,1,2,4,1,14,0.055,2.5,104,914.97,1,0,0,0,1,0,42,0.16,0.12,0.94,0
RES-20250624-1406,435,11,3,0,0,10,18,0,0,0.15,4.3,999,0,5,2,0,0,1,0,179,0.12,0.14,0.59,0
RES-20251019-2719,1228,20,6,1,1,8,51,1,15,0.046,4.2,29,617.29,6,2,1,1,1,1,633,0.17,0.12,0.87,0
RES-20250906-6072,519,20,4,0,1,11,21,0,0,0.15,2.2,999,0,4,1,0,1,1,0,102,0.14,0.12,0.92,0
RES-20251009-3654,919,13,0,1,0,12,38,0,0,0.15,4.3,999,0,5,2,0,0,0,0,0,0.18,0.14,0.7,1
RES-20250929-3325,623,22,4,0,0,3,25,0,0,0.15,4,999,0,4,1,0,1,1,0,293,0.14,0.22,0.63,0
RES-20250523-7199,35,11,6,1,0,10,1,0,0,0.15,4,999,0,2,0,0,0,1,1,34,0.17,0.14,0.61,0
RES-20250930-3490,446,22,5,1,0,1,18,0,0,0.15,3.5,999,0,5,2,0,0,1,0,325,0.16,0.22,0.51,0
RES-20250805-5249,984,18,5,1,1,7,41,0,0,0.15,2.7,999,0,1,0,0,0,1,1,517,0.16,0.12,0.95,0
RES-20251004-9987,605,22,6,1,0,9,25,0,0,0.15,3.6,999,0,2,0,0,1,1,0,59,0.17,0.22,0.55,1
RES-20250809-5690,223,11,5,1,0,7,9,0,0,0.15,2.2,999,0,1,0,0,0,1,0,53,0.16,0.14,0.71,0
RES-20251006-8390,1306,12,5,1,0,4,54,0,0,0.15,2.3,999,0,3,1,0,1,1,0,707,0.16,0.14,0.7,0
RES-20251018-1286,56,21,0,1,1,8,2,1,12,0.007,2.8,125,1450.94,2,0,0,0,1,0,48,0.18,0.22,0.89,0
RES-20250805-6871,634,19,6,1,1,12,26,0,0,0.15,4.1,999,0,2,0,0,0,1,0,536,0.17,0.12,0.94,1
RES-20250606-5906,941,13,0,1,0,4,39,0,0,0.15,2.4,999,0,6,2,1,0,1,0,84,0.18,0.14,0.63,1
RES-20250515-5678,984,21,3,0,1,2,41,0,0,0.15,2.8,999,0,2,0,0,0,0,0,0,0.12,0.22,0.81,0
RES-20250710-9145,1444,22,1,0,0,8,60,0,0,0.15,3.2,999,0,1,0,0,1,1,0,889,0.12,0.22,0.73,0
RES-20250812-9384,479,20,4,0,1,3,19,0,0,0.15,4.1,999,0,6,2,1,1,0,0,0,0.14,0.12,0.81,0
RES-20250628-8488,345,18,0,1,1,4,14,0,0,0.15,2.2,999,0,6,2,1,1,1,0,78,0.18,0.12,0.83,0
RES-20250723-8365,770,21,4,0,1,12,32,1,5,0.062,2.7,155,1242.7,2,0,0,0,1,0,380,0.14,0.22,0.86,0
RES-20250703-4824,223,19,3,0,1,6,9,0,0,0.15,3.7,999,0,8,2,1,0,1,0,165,0.12,0.12,0.88,0
RES-20250802-1486,260,12,2,0,0,6,10,0,0,0.15,3.9,999,0,2,0,0,1,1,0,110,0.11,0.14,0.55,0
RES-20251021-5275,166,13,4,0,0,12,6,0,0,0.15,3.2,999,0,5,2,0,1,1,1,45,0.14,0.14,0.65,0
RES-20250927-4687,872,18,5,1,1,10,36,0,0,0.15,2.2,999,0,2,0,0,0,1,1,138,0.16,0.12,0.89,1
RES-20250728-5240,383,19,5,1,1,7,15,0,0,0.15,3.1,999,0,2,0,0,0,1,0,117,0.16,0.12,0.92,1
RES-20250623-9853,51,19,5,1,1,6,2,1,14,0.076,2.6,129,172.74,5,2,0,1,1,1,24,0.16,0.12,0.9,0
RES-20250530-6818,240,21,2,0,1,5,10,0,0,0.15,3.2,999,0,4,1,0,0,0,0,0,0.11,0.22,0.87,0
RES-20250613-7079,1462,11,5,1,0,5,60,1,10,0.076,2.2,161,1637.4,3,1,0,0,1,1,483,0.16,0.14,0.59,1
RES-20250620-4911,887,19,0,1,1,2,36,0,0,0.15,3.3,999,0,2,0,0,1,1,1,209,0.18,0.12,0.84,0
RES-20250915-6493,995,13,1,0,0,5,41,0,0,0.15,3.7,999,0,3,1,0,0,1,0,925,0.12,0.14,0.68,0
RES-20250510-4169,1125,19,3,0,1,1,46,1,8,0.088,3.3,57,1186.21,6,2,1,0,1,0,432,0.12,0.12,0.87,0
RES-20250829-2274,141,19,2,0,1,4,5,0,0,0.15,3.4,999,0,5,2,0,0,0,0,0,0.11,0.12,0.88,0
RES-20250616-2804,962,20,1,0,1,2,40,0,0,0.15,4.1,999,0,4,1,0,0,1,0,241,0.12,0.12,0.94,0
RES-20250922-8256,217,20,1,0,1,9,9,0,0,0.15,3.5,999,0,2,0,0,0,1,1,76,0.12,0.12,0.95,1
RES-20250921-6920,384,21,0,1,1,6,16,0,0,0.15,2.7,999,0,3,1,0,0,1,0,365,0.18,0.22,0.9,1
RES-20250711-8544,1185,13,6,1,0,11,49,1,5,0.049,2.5,86,1354.41,4,1,0,1,1,0,656,0.17,0.14,0.52,0
RES-20250607-9089,713,21,3,0,1,2,29,0,0,0.15,4,999,0,6,2,1,0,1,0,104,0.12,0.22,0.86,0
RES-20250908-6233,776,13,0,1,0,2,32,0,0,0.15,2.6,999,0,8,2,1,0,1,1,642,0.18,0.14,0.72,1
RES-20250814-4259,1214,22,5,1,0,2,50,1,14,0.202,2.7,84,1749.36,3,1,0,0,1,1,547,0.16,0.22,0.68,0
RES-20250729-8978,1319,22,4,0,0,6,54,1,11,0.058,2.6,73,635.72,8,2,1,1,1,1,1004,0.14,0.22,0.52,0
RES-20250820-2539,703,19,6,1,1,4,29,0,0,0.15,4.4,999,0,8,2,1,1,0,0,0,0.17,0.12,0.83,1
RES-20250810-2393,494,11,4,0,0,1,20,0,0,0.15,3.6,999,0,6,2,1,0,1,0,60,0.14,0.14,0.61,1
RES-20250731-1738,796,20,4,0,1,3,33,1,14,0.281,3.3,118,1078.33,2,0,0,0,1,0,46,0.14,0.12,0.81,1
RES-20250912-7595,158,11,3,0,0,2,6,0,0,0.15,3.9,999,0,4,1,0,0,1,1,100,0.12,0.14,0.58,0
RES-20250517-1325,1060,20,3,0,1,3,44,1,4,0.077,3.1,10,1392.03,4,1,0,0,1,1,553,0.12,0.12,0.91,0
RES-20251008-1192,574,22,6,1,0,12,23,0,0,0.15,3.8,999,0,3,1,0,0,1,0,489,0.17,0.22,0.57,0
RES-20250912-9039,1331,13,4,0,0,3,55,1,13,0.197,2.4,49,1185.98,6,2,1,0,0,0,0,0.14,0.14,0.7,1
RES-20250510-2583,402,20,6,1,1,8,16,0,0,0.15,4.2,999,0,5,2,0,0,1,1,270,0.17,0.12,0.86,0
RES-20250621-6499,744,22,6,1,0,12,31,0,0,0.15,3.8,999,0,8,2,1,1,0,0,0,0.17,0.22,0.64,1
RES-20250708-3659,373,12,4,0,0,1,15,0,0,0.15,2.3,999,0,3,1,0,0,1,0,93,0.14,0.14,0.58,0
RES-20251014-3824,1395,13,0,1,0,12,58,0,0,0.15,3.7,999,0,1,0,0,1,1,0,1267,0.18,0.14,0.53,0
RES-20250914-4751,1326,12,3,0,0,2,55,1,9,0.069,3.9,29,1888.91,4,1,0,0,1,0,1034,0.12,0.14,0.54,0
RES-20250916-4522,287,11,6,1,0,7,11,1,1,0.201,3.8,164,1016.38,2,0,0,0,1,0,240,0.17,0.14,0.51,0
RES-20251018-3626,552,22,4,0,0,4,23,1,14,0.049,4.2,150,1830.05,8,2,1,0,1,0,32,0.14,0.22,0.58,0
RES-20250924-1209,738,13,1,0,0,9,30,1,10,0.217,2.2,146,554.76,4,1,0,0,1,0,37,0.12,0.14,0.58,0
RES-20250808-4945,315,19,2,0,1,11,13,0,0,0.15,2.7,999,0,3,1,0,1,1,1,80,0.11,0.12,0.83,0
RES-20250611-7201,700,18,2,0,1,4,29,0,0,0.15,3,999,0,4,1,0,1,1,0,112,0.11,0.12,0.82,0
RES-20250612-2460,804,21,5,1,1,2,33,0,0,0.15,3.3,999,0,8,2,1,0,1,1,323,0.16,0.22,0.89,1
RES-20250823-1499,1297,19,2,0,1,8,54,0,0,0.15,2.3,999,0,6,2,1,0,1,0,800,0.11,0.12,0.86,1
RES-20250619-7811,979,19,3,0,1,9,40,0,0,0.15,2,999,0,2,0,0,1,1,1,367,0.12,0.12,0.82,0
RES-20250611-2797,1154,13,6,1,0,3,48,0,0,0.15,4.2,999,0,2,0,0,1,1,1,219,0.17,0.14,0.66,0
RES-20250721-9449,1438,20,6,1,1,6,59,1,1,0.155,4.3,157,1836.69,2,0,0,0,0,0,0,0.17,0.12,0.86,1
RES-20250608-9113,893,21,1,0,1,10,37,0,0,0.15,2.9,999,0,1,0,0,0,1,0,39,0.12,0.22,0.92,1
RES-20250521-9820,569,12,5,1,0,9,23,0,0,0.15,4.2,999,0,2,0,0,0,0,0,0,0.16,0.14,0.67,0
RES-20250921-3623,953,21,3,0,1,7,39,0,0,0.15,3.7,999,0,2,0,0,0,0,0,0,0.12,0.22,0.9,0
RES-20250724-7748,590,22,4,0,0,6,24,0,0,0.15,2.8,999,0,2,0,0,0,1,0,358,0.14,0.22,0.53,1
RES-20250730-7015,52,13,2,0,0,2,2,0,0,0.15,3.3,999,0,2,0,0,0,1,1,43,0.11,0.14,0.51,0
RES-20250916-3675,1286,19,1,0,1,2,53,0,0,0.15,3.1,999,0,2,0,0,1,0,0,0,0.12,0.12,0.82,0
RES-20250627-4342,640,18,0,1,1,3,26,0,0,0.15,4,999,0,8,2,1,0,1,0,352,0.18,0.12,0.81,0
RES-20250827-2527,115,22,1,0,0,11,4,1,8,0.092,2.4,93,1621.25,5,2,0,0,1,0,28,0.12,0.22,0.64,0
RES-20250709-2751,532,22,3,0,0,2,22,1,4,0.056,2.7,156,338.54,4,1,0,1,1,1,386,0.12,0.22,0.56,0
RES-20250916-2217,630,12,2,0,0,1,26,0,0,0.15,2.7,999,0,5,2,0,0,1,0,345,0.11,0.14,0.73,1
RES-20250814-2203,650,13,4,0,0,12,27,0,0,0.15,2.6,999,0,2,0,0,0,1,1,226,0.14,0.14,0.57,1
RES-20250727-6301,926,19,0,1,1,4,38,1,3,0.05,3.9,173,866.16,4,1,0,0,1,1,840,0.18,0.12,0.94,0
RES-20250521-6498,1143,21,4,0,1,6,47,0,0,0.15,2.8,999,0,3,1,0,0,1,0,870,0.14,0.22,0.84,1
RES-20250531-9289,1381,22,0,1,0,3,57,0,0,0.15,2.6,999,0,2,0,0,1,1,0,846,0.18,0.22,0.66,0
RES-20250528-8842,980,19,5,1,1,1,40,0,0,0.15,2.5,999,0,5,2,0,0,1,1,431,0.16,0.12,0.92,0
RES-20250610-8033,1459,20,2,0,1,8,60,1,15,0.011,3.4,22,761.32,2,0,0,1,1,0,828,0.11,0.12,0.81,0
RES-20250616-7777,1029,12,5,1,0,2,42,0,0,0.15,2.3,999,0,6,2,1,0,1,1,825,0.16,0.14,0.63,1
RES-20251008-4058,775,19,2,0,1,6,32,1,4,0.28,3.4,38,1307,4,1,0,0,1,1,685,0.11,0.12,0.88,0
RES-20250914-4366,159,11,5,1,0,7,6,0,0,0.15,4.1,999,0,2,0,0,0,1,0,27,0.16,0.14,0.52,0
RES-20250623-7656,1262,20,5,1,1,3,52,0,0,0.15,4.1,999,0,5,2,0,0,1,0,213,0.16,0.12,0.91,0
RES-20250916-9986,1274,22,0,1,0,9,53,0,0,0.15,3.8,999,0,4,1,0,1,1,1,1227,0.18,0.22,0.63,0
RES-20250702-8617,548,21,0,1,1,9,22,0,0,0.15,3.8,999,0,1,0,0,0,1,1,367,0.18,0.22,0.9,0
RES-20250826-1985,1011,18,4,0,1,1,42,0,0,0.15,4.3,999,0,3,1,0,0,1,1,539,0.14,0.12,0.93,1
RES-20251013-8917,464,19,5,1,1,9,19,0,0,0.15,3.2,999,0,4,1,0,0,1,0,297,0.16,0.12,0.84,0
RES-20250611-1716,906,18,6,1,1,6,37,1,2,0.217,2.2,57,1222.07,1,0,0,0,1,0,604,0.17,0.12,0.86,1
RES-20250926-1959,241,21,3,0,1,11,10,1,1,0.117,3.6,98,1155.09,2,0,0,0,1,0,46,0.12,0.22,0.91,0
RES-20250515-1488,1270,22,5,1,0,8,52,1,13,0.085,3.8,163,123.99,5,2,0,0,1,1,1212,0.16,0.22,0.52,0
RES-20251018-4923,674,19,2,0,1,2,28,0,0,0.15,2.9,999,0,2,0,0,0,1,0,496,0.11,0.12,0.91,0
RES-20251013-8779,1054,22,1,0,0,3,43,1,8,0.032,3.7,155,485.59,5,2,0,0,1,1,980,0.12,0.22,0.54,0
RES-20250716-5015,498,20,5,1,1,3,20,1,9,0.075,3.2,131,1685.56,4,1,0,1,1,0,487,0.16,0.12,0.8,0
RES-20250901-3562,466,20,4,0,1,12,19,0,0,0.15,4.5,999,0,1,0,0,0,1,1,328,0.14,0.12,0.85,0
RES-20251024-7807,904,19,0,1,1,8,37,0,0,0.15,3,999,0,2,0,0,0,1,0,327,0.18,0.12,0.8,0
RES-20251016-1766,1117,19,6,1,1,5,46,1,1,0.076,3.9,88,1576.64,5,2,0,1,1,0,672,0.17,0.12,0.95,0
RES-20250806-9156,77,18,3,0,1,11,3,0,0,0.15,3.3,999,0,8,2,1,1,0,0,0,0.12,0.12,0.82,0
RES-20250929-2094,23,22,0,1,0,5,0,1,6,0.093,2.3,135,366.55,2,0,0,0,1,0,24,0.18,0.22,0.56,0
RES-20251014-9145,1403,12,2,0,0,11,58,1,9,0.013,3,117,1454.84,4,1,0,0,1,1,453,0.11,0.14,0.52,0
RES-20250928-6435,1436,19,2,0,1,11,59,1,3,0.017,2.3,110,1249.51,1,0,0,0,1,0,831,0.11,0.12,0.94,0
RES-20250704-7325,676,12,2,0,0,4,28,0,0,0.15,3.3,999,0,2,0,0,1,1,0,299,0.11,0.14,0.74,0
RES-20250526-4326,30,20,0,1,1,3,1,0,0,0.15,2.5,999,0,5,2,0,0,1,1,26,0.18,0.12,0.8,0
RES-20250616-9398,1023,22,6,1,0,3,42,0,0,0.15,2.8,999,0,2,0,0,0,1,0,337,0.17,0.22,0.58,1
RES-20250509-7246,34,19,2,0,1,4,1,1,2,0.1,3.4,78,855.54,5,2,0,1,1,1,28,0.11,0.12,0.81,0
RES-20250519-4191,1103,21,6,1,1,12,45,0,0,0.15,4.1,999,0,1,0,0,1,0,0,0,0.17,0.22,0.84,0
RES-20250617-7795,296,12,3,0,0,1,12,1,10,0.243,3,131,1350.98,8,2,1,0,1,0,56,0.12,0.14,0.6,0
RES-20250811-5301,381,21,6,1,1,10,15,1,5,0.069,3.4,162,308.07,3,1,0,0,1,0,192,0.17,0.22,0.94,0
RES-20250925-4553,836,20,1,0,1,8,34,0,0,0.15,3.7,999,0,2,0,0,1,1,0,59,0.12,0.12,0.9,1
RES-20250802-7609,737,12,4,0,0,9,30,0,0,0.15,3.4,999,0,2,0,0,1,1,0,283,0.14,0.14,0.65,1
RES-20250507-9376,796,20,3,0,1,4,33,1,13,0.044,2.6,18,1403.29,4,1,0,0,0,0,0,0.12,0.12,0.87,0
RES-20250527-8510,1025,13,3,0,0,12,42,1,15,0.086,3.3,110,544.78,2,0,0,0,1,0,734,0.12,0.14,0.69,0
RES-20250903-2000,852,19,4,0,1,1,35,0,0,0.15,3.6,999,0,4,1,0,1,0,0,0,0.14,0.12,0.85,1
RES-20250617-8191,414,18,0,1,1,11,17,1,12,0.189,2.3,42,258,5,2,0,0,1,1,337,0.18,0.12,0.83,1
RES-20250811-7196,80,20,4,0,1,8,3,0,0,0.15,2.8,999,0,4,1,0,1,1,0,36,0.14,0.12,0.85,0
RES-20250703-6534,468,21,1,0,1,7,19,1,11,0.005,2.3,49,1455.76,6,2,1,0,1,0,247,0.12,0.22,0.86,0
RES-20250803-2082,871,22,1,0,0,2,36,0,0,0.15,3.8,999,0,1,0,0,0,1,0,378,0.12,0.22,0.53,0
RES-20251016-2852,820,12,2,0,0,2,34,1,14,0.231,2.3,174,357.8,3,1,0,0,1,0,514,0.11,0.14,0.74,1
RES-20250428-4686,1097,19,5,1,1,10,45,1,4,0.147,2.9,134,671.57,2,0,0,1,1,1,816,0.16,0.12,0.85,0
RES-20250707-6584,772,11,0,1,0,10,32,0,0,0.15,4.1,999,0,2,0,0,0,1,1,519,0.18,0.14,0.69,0
RES-20250826-4038,693,22,6,1,0,11,28,0,0,0.15,4,999,0,5,2,0,0,1,0,145,0.17,0.22,0.55,0
RES-20250521-9802,1448,11,3,0,0,4,60,1,8,0.277,2.4,174,1908.57,4,1,0,1,1,0,756,0.12,0.14,0.61,0
RES-20250726-3434,59,18,3,0,1,9,2,0,0,0.15,3,999,0,2,0,0,1,1,0,53,0.12,0.12,0.86,0
RES-20250925-7970,281,13,5,1,0,8,11,1,10,0.094,3.7,109,1182.37,6,2,1,1,1,0,260,0.16,0.14,0.55,0
RES-20250615-2164,416,21,2,0,1,4,17,0,0,0.15,3.6,999,0,1,0,0,0,1,0,107,0.11,0.22,0.82,0
RES-20250908-5782,1227,13,5,1,0,1,51,1,6,0.002,4.2,59,325.53,6,2,1,0,1,0,219,0.16,0.14,0.6,0
RES-20250529-5931,913,19,1,0,1,3,38,1,12,0.019,3.3,119,120.25,2,0,0,0,1,1,148,0.12,0.12,0.86,0
RES-20250429-8300,199,13,3,0,0,7,8,0,0,0.15,4.5,999,0,5,2,0,1,1,0,95,0.12,0.14,0.67,0
RES-20250918-6590,481,22,6,1,0,2,20,0,0,0.15,2,999,0,2,0,0,0,1,0,41,0.17,0.22,0.61,0
RES-20251006-5676,100,21,6,1,1,8,4,0,0,0.15,2.6,999,0,2,0,0,0,1,1,62,0.17,0.22,0.84,0
RES-20250429-9964,208,22,0,1,0,3,8,0,0,0.15,2.5,999,0,2,0,0,1,1,0,173,0.18,0.22,0.62,0
RES-20250615-1855,887,13,2,0,0,1,36,1,11,0.071,2.1,101,1700.13,1,0,0,0,1,1,56,0.11,0.14,0.57,0
RES-20250719-9624,410,21,4,0,1,5,17,0,0,0.15,3.5,999,0,6,2,1,1,1,1,155,0.14,0.22,0.88,0
RES-20250630-5793,0,18,5,1,1,12,0,1,3,0.29,4.1,58,1577.17,5,2,0,0,1,0,2,0.16,0.12,0.83,0
RES-20250807-4021,1397,20,5,1,1,3,58,1,7,0.064,3,172,971.37,2,0,0,0,1,0,1182,0.16,0.12,0.87,0
RES-20251009-9873,1354,22,4,0,0,4,56,0,0,0.15,4.2,999,0,3,1,0,0,1,0,415,0.14,0.22,0.66,0
RES-20250613-4333,162,20,6,1,1,6,6,0,0,0.15,3.3,999,0,6,2,1,0,1,1,132,0.17,0.12,0.94,0
RES-20250718-7396,534,18,5,1,1,10,22,0,0,0.15,3.4,999,0,8,2,1,1,0,0,0,0.16,0.12,0.93,1
RES-20250502-5903,1329,21,1,0,1,3,55,0,0,0.15,4,999,0,3,1,0,0,1,0,844,0.12,0.22,0.94,0
RES-20250614-5954,1283,18,1,0,1,8,53,1,11,0.035,3.3,100,1151.35,3,1,0,0,1,0,1068,0.12,0.12,0.82,0
RES-20250505-5041,4,21,5,1,1,5,0,1,7,0.186,4.2,39,835.9,8,2,1,0,1,0,6,0.16,0.22,0.9,1
RES-20250605-8351,830,22,6,1,0,4,34,0,0,0.15,2.9,999,0,4,1,0,0,1,1,457,0.17,0.22,0.67,0
RES-20250521-8537,645,13,5,1,0,7,26,0,0,0.15,2.2,999,0,4,1,0,0,1,0,284,0.16,0.14,0.57,0
RES-20250719-2124,1343,20,6,1,1,12,55,1,14,0.162,2.1,178,1266.42,4,1,0,0,1,0,1257,0.17,0.12,0.82,1
RES-20250911-7570,1210,21,0,1,1,2,50,0,0,0.15,3.6,999,0,8,2,1,1,0,0,0,0.18,0.22,0.94,1
RES-20250908-1455,979,11,3,0,0,1,40,0,0,0.15,3,999,0,8,2,1,0,1,1,166,0.12,0.14,0.6,1
RES-20250703-1658,871,19,4,0,1,7,36,1,8,0.056,3.4,98,1702.5,4,1,0,1,1,1,601,0.14,0.12,0.88,0
RES-20250709-5382,187,22,3,0,0,1,7,0,0,0.15,2.1,999,0,2,0,0,1,1,0,130,0.12,0.22,0.75,0
RES-20250503-9404,569,19,5,1,1,11,23,0,0,0.15,2.7,999,0,2,0,0,1,1,0,80,0.16,0.12,0.81,0
RES-20250610-8856,66,22,0,1,0,4,2,0,0,0.15,2.7,999,0,2,0,0,0,1,0,39,0.18,0.22,0.67,0
RES-20250929-4745,296,11,5,1,0,2,12,1,12,0.078,2,83,1243.35,1,0,0,0,1,0,246,0.16,0.14,0.66,0
RES-20250831-6503,1407,12,6,1,0,10,58,1,2,0.004,3.2,82,1966.38,2,0,0,0,1,1,1058,0.17,0.14,0.57,0
RES-20250821-6772,1016,20,3,0,1,10,42,0,0,0.15,4,999,0,6,2,1,0,1,1,476,0.12,0.12,0.94,0
RES-20250602-5082,1271,20,5,1,1,7,52,0,0,0.15,4.3,999,0,2,0,0,0,1,1,48,0.16,0.12,0.84,0
RES-20250517-1070,633,21,1,0,1,6,26,0,0,0.15,2.7,999,0,6,2,1,0,1,1,474,0.12,0.22,0.83,1
RES-20250514-4829,124,18,0,1,1,1,5,0,0,0.15,3.5,999,0,2,0,0,0,1,0,37,0.18,0.12,0.91,0
RES-20250702-1886,1323,12,4,0,0,3,55,0,0,0.15,2.1,999,0,8,2,1,1,1,0,729,0.14,0.14,0.73,1
RES-20250508-2876,258,21,3,0,1,6,10,0,0,0.15,4.2,999,0,1,0,0,0,0,0,0,0.12,0.22,0.9,0
RES-20251008-9159,1173,22,2,0,0,10,48,1,2,0.028,2.8,111,1706.31,1,0,0,0,1,0,430,0.11,0.22,0.55,0
RES-20250527-9097,661,21,4,0,1,1,27,1,9,0.036,2,82,920.09,2,0,0,0,1,0,387,0.14,0.22,0.9,0
RES-20250727-3328,651,20,1,0,1,1,27,0,0,0.15,3.9,999,0,4,1,0,0,1,0,649,0.12,0.12,0.85,0
RES-20250810-9276,832,18,1,0,1,5,34,1,4,0.024,2.5,24,1771.67,8,2,1,0,1,0,203,0.12,0.12,0.92,0
RES-20250903-2252,1359,21,5,1,1,10,56,0,0,0.15,2.5,999,0,1,0,0,1,1,1,812,0.16,0.22,0.88,0
RES-20250811-4651,876,21,0,1,1,9,36,0,0,0.15,3.7,999,0,6,2,1,0,1,0,117,0.18,0.22,0.88,1
RES-20250919-9865,681,11,5,1,0,10,28,0,0,0.15,4.2,999,0,2,0,0,1,1,1,61,0.16,0.14,0.58,0
RES-20251005-7613,1092,12,1,0,0,10,45,0,0,0.15,3.7,999,0,1,0,0,0,1,0,966,0.12,0.14,0.53,0
RES-20250928-5628,1436,13,4,0,0,3,59,0,0,0.15,4.3,999,0,2,0,0,1,0,0,0,0.14,0.14,0.72,1
RES-20250622-9626,129,19,2,0,1,4,5,0,0,0.15,3.1,999,0,8,2,1,0,1,0,83,0.11,0.12,0.93,1
RES-20250513-2241,65,11,2,0,0,4,2,1,8,0.233,4.2,154,620.92,2,0,0,0,1,0,30,0.11,0.14,0.63,0
RES-20250826-3980,124,11,1,0,0,4,5,0,0,0.15,2.3,999,0,8,2,1,0,1,0,105,0.12,0.14,0.71,0
RES-20250726-3233,905,19,4,0,1,10,37,0,0,0.15,2.5,999,0,5,2,0,0,0,0,0,0.14,0.12,0.93,0
RES-20250509-9044,864,22,0,1,0,5,36,0,0,0.15,2.6,999,0,6,2,1,0,1,0,397,0.18,0.22,0.51,0
RES-20250530-4714,767,21,1,0,1,9,31,0,0,0.15,2.6,999,0,1,0,0,0,1,1,537,0.12,0.22,0.8,1
RES-20250902-3131,518,11,6,1,0,10,21,0,0,0.15,2.4,999,0,4,1,0,0,0,0,0,0.17,0.14,0.68,1
RES-20250524-6726,183,11,5,1,0,3,7,1,14,0.168,3,43,1214.4,4,1,0,0,1,1,126,0.16,0.14,0.64,1
RES-20251010-2271,1092,13,2,0,0,8,45,1,1,0.001,4.3,106,1187.49,6,2,1,1,1,0,1033,0.11,0.14,0.71,0
RES-20250429-2329,790,20,5,1,1,2,32,1,8,0.071,3.6,74,447.71,4,1,0,0,1,0,768,0.16,0.12,0.89,0
RES-20251017-2203,673,19,6,1,1,7,28,1,2,0.139,2.6,179,1090.85,4,1,0,0,1,0,607,0.17,0.12,0.86,0
RES-20250526-8230,1277,20,2,0,1,1,53,0,0,0.15,2.9,999,0,2,0,0,1,1,1,1027,0.11,0.12,0.93,0
RES-20250811-5021,675,22,4,0,0,11,28,0,0,0.15,2.6,999,0,2,0,0,0,1,0,72,0.14,0.22,0.62,0
RES-20250623-9068,1181,12,6,1,0,9,49,0,0,0.15,3.4,999,0,5,2,0,0,0,0,0,0.17,0.14,0.74,1
RES-20250906-3961,863,22,3,0,0,12,35,0,0,0.15,2,999,0,3,1,0,0,1,0,431,0.12,0.22,0.71,1
RES-20250613-3915,631,20,0,1,1,1,26,1,11,0.227,4.3,7,1434.02,5,2,0,0,1,0,312,0.18,0.12,0.83,0
RES-20250726-5798,1039,20,4,0,1,1,43,1,5,0.024,3.3,114,1387.98,2,0,0,1,0,0,0,0.14,0.12,0.87,0
RES-20250705-5544,370,18,4,0,1,5,15,0,0,0.15,3.1,999,0,8,2,1,0,0,0,0,0.14,0.12,0.9,1
RES-20250827-4713,531,21,3,0,1,1,22,0,0,0.15,4,999,0,8,2,1,1,1,0,481,0.12,0.22,0.93,1
RES-20251016-4430,1060,22,6,1,0,12,44,0,0,0.15,2.4,999,0,2,0,0,0,1,1,47,0.17,0.22,0.69,0
RES-20250508-3329,508,12,0,1,0,3,21,1,2,0.016,2.6,63,1530.2,2,0,0,0,1,1,368,0.18,0.14,0.59,0
RES-20251011-2606,1173,21,1,0,1,4,48,1,15,0.264,2.4,51,502.15,2,0,0,0,1,0,131,0.12,0.22,0.93,0
RES-20250820-5307,619,18,1,0,1,12,25,1,12,0.06,2.6,172,656.94,1,0,0,0,1,1,527,0.12,0.12,0.93,0
RES-20250704-1785,887,20,5,1,1,9,36,0,0,0.15,2.1,999,0,5,2,0,0,0,0,0,0.16,0.12,0.92,1
RES-20250616-3415,1344,19,3,0,1,7,56,1,9,0.285,3.6,100,816.22,2,0,0,0,1,0,107,0.12,0.12,0.88,0
RES-20250814-3738,537,13,0,1,0,12,22,0,0,0.15,2.6,999,0,3,1,0,0,1,1,36,0.18,0.14,0.66,0
RES-20250512-8706,324,11,1,0,0,1,13,1,5,0.074,2.6,130,1065.35,2,0,0,1,1,0,268,0.12,0.14,0.66,0
RES-20250715-1074,1403,18,6,1,1,6,58,0,0,0.15,3.6,999,0,4,1,0,1,1,0,235,0.17,0.12,0.92,0
RES-20250913-3317,521,11,4,0,0,4,21,1,9,0.008,2.9,154,991.36,1,0,0,0,1,0,81,0.14,0.14,0.54,0
RES-20250918-2709,1265,18,0,1,1,1,52,0,0,0.15,2.3,999,0,2,0,0,0,1,0,57,0.18,0.12,0.85,0
RES-20250704-2167,553,21,1,0,1,8,23,0,0,0.15,2.9,999,0,8,2,1,0,1,0,63,0.12,0.22,0.9,1
RES-20250722-3506,711,21,4,0,1,10,29,0,0,0.15,2.5,999,0,4,1,0,0,1,1,311,0.14,0.22,0.87,0
RES-20251019-9133,53,20,1,0,1,10,2,0,0,0.15,4.1,999,0,5,2,0,0,1,0,38,0.12,0.12,0.81,0
RES-20251014-1245,382,20,6,1,1,9,15,0,0,0.15,4.1,999,0,3,1,0,0,1,0,84,0.17,0.12,0.8,0
RES-20250527-7387,447,20,1,0,1,6,18,1,8,0.159,3.9,132,1019.2,5,2,0,0,1,1,313,0.12,0.12,0.88,0
RES-20250622-3169,278,21,2,0,1,3,11,0,0,0.15,2.2,999,0,8,2,1,0,1,0,212,0.11,0.22,0.82,1
RES-20250504-3838,981,12,0,1,0,12,40,0,0,0.15,4.3,999,0,2,0,0,0,1,0,438,0.18,0.14,0.55,0
RES-20251003-8374,509,11,6,1,0,8,21,1,12,0.181,3.4,65,1591.04,4,1,0,0,1,0,116,0.17,0.14,0.68,0
RES-20250607-8138,1179,22,1,0,0,1,49,0,0,0.15,3,999,0,3,1,0,0,1,0,426,0.12,0.22,0.63,0
RES-20250819-8934,1419,13,2,0,0,5,59,0,0,0.15,3.8,999,0,1,0,0,1,1,0,840,0.11,0.14,0.66,0